id;num;code;Name;type1;type2;baseSpecies;forme;M;F;hp;atk;def;spa;spd;spe;ability1;ability2;abilityH;heightm;weightkg;color;prevo;evos;eggGroup1;eggGroup2;evoLevel
1;1;bulbasaur;Bulbasaur;Grass;Poison;;;0.875;0.125;45;49;49;65;65;45;Overgrow;;Chlorophyll;0.7;6.9;Green;;ivysaur;Monster;Grass;
2;2;ivysaur;Ivysaur;Grass;Poison;;;0.875;0.125;60;62;63;80;80;60;Overgrow;;Chlorophyll;1;13;Green;bulbasaur;venusaur;Monster;Grass;16
3;3;venusaur-mega;Venusaur-Mega;Grass;Poison;Venusaur;Mega;0.875;0.125;80;100;123;122;120;80;Thick Fat;;;2.4;155.5;Green;ivysaur;;Monster;Grass;32
4;3;venusaur;Venusaur;Grass;Poison;;;0.875;0.125;80;82;83;100;100;80;Overgrow;;Chlorophyll;2;100;Green;ivysaur;;Monster;Grass;32
5;4;charmander;Charmander;Fire;;;;0.875;0.125;39;52;43;60;50;65;Blaze;;Solar Power;0.6;8.5;Red;;charmeleon;Monster;Dragon;
6;5;charmeleon;Charmeleon;Fire;;;;0.875;0.125;58;64;58;80;65;80;Blaze;;Solar Power;1.1;19;Red;charmander;charizard;Monster;Dragon;16
7;6;charizard-mega-x;Charizard-Mega-X;Fire;Dragon;Charizard;Mega-X;0.875;0.125;78;130;111;130;85;100;Tough Claws;;;1.7;110.5;Red;charmeleon;;Monster;Dragon;36
8;6;charizard-mega-y;Charizard-Mega-Y;Fire;Flying;Charizard;Mega-Y;0.875;0.125;78;104;78;159;115;100;Drought;;;1.7;100.5;Red;charmeleon;;Monster;Dragon;36
9;6;charizard;Charizard;Fire;Flying;;;0.875;0.125;78;84;78;109;85;100;Blaze;;Solar Power;1.7;90.5;Red;charmeleon;;Monster;Dragon;36
10;7;squirtle;Squirtle;Water;;;;0.875;0.125;44;48;65;50;64;43;Torrent;;Rain Dish;0.5;9;Blue;;wartortle;Monster;Water 1;
11;8;wartortle;Wartortle;Water;;;;0.875;0.125;59;63;80;65;80;58;Torrent;;Rain Dish;1;22.5;Blue;squirtle;blastoise;Monster;Water 1;16
12;9;blastoise-mega;Blastoise-Mega;Water;;Blastoise;Mega;0.875;0.125;79;103;120;135;115;78;Mega Launcher;;;1.6;101.1;Blue;wartortle;;Monster;Water 1;36
13;9;blastoise;Blastoise;Water;;;;0.875;0.125;79;83;100;85;105;78;Torrent;;Rain Dish;1.6;85.5;Blue;wartortle;;Monster;Water 1;36
14;10;caterpie;Caterpie;Bug;;;;;;45;30;35;20;20;45;Shield Dust;;Run Away;0.3;2.9;Green;;metapod;Bug;;
15;11;metapod;Metapod;Bug;;;;;;50;20;55;25;25;30;Shed Skin;;;0.7;9.9;Green;caterpie;butterfree;Bug;;7
16;12;butterfree;Butterfree;Bug;Flying;;;;;60;45;50;90;80;70;Compound Eyes;;Tinted Lens;1.1;32;White;metapod;;Bug;;10
17;13;weedle;Weedle;Bug;Poison;;;;;40;35;30;20;20;50;Shield Dust;;Run Away;0.3;3.2;Brown;;kakuna;Bug;;
18;14;kakuna;Kakuna;Bug;Poison;;;;;45;25;50;25;25;35;Shed Skin;;;0.6;10;Yellow;weedle;beedrill;Bug;;7
19;15;beedrill-mega;Beedrill-Mega;Bug;Poison;Beedrill;Mega;;;65;150;40;15;80;145;Adaptability;;;1.4;40.5;Yellow;kakuna;;Bug;;10
20;15;beedrill;Beedrill;Bug;Poison;;;;;65;90;40;45;80;75;Swarm;;Sniper;1;29.5;Yellow;kakuna;;Bug;;10
21;16;pidgey;Pidgey;Normal;Flying;;;;;40;45;40;35;35;56;Keen Eye;Tangled Feet;Big Pecks;0.3;1.8;Brown;;pidgeotto;Flying;;
22;17;pidgeotto;Pidgeotto;Normal;Flying;;;;;63;60;55;50;50;71;Keen Eye;Tangled Feet;Big Pecks;1.1;30;Brown;pidgey;pidgeot;Flying;;18
23;18;pidgeot-mega;Pidgeot-Mega;Normal;Flying;Pidgeot;Mega;;;83;80;80;135;80;121;No Guard;;;2.2;50.5;Brown;pidgeotto;;Flying;;36
24;18;pidgeot;Pidgeot;Normal;Flying;;;;;83;80;75;70;70;101;Keen Eye;Tangled Feet;Big Pecks;1.5;39.5;Brown;pidgeotto;;Flying;;36
25;19;rattata;Rattata;Normal;;;;;;30;56;35;25;35;72;Run Away;Guts;Hustle;0.3;3.5;Purple;;raticate;Field;;
26;20;raticate;Raticate;Normal;;;;;;55;81;60;50;70;97;Run Away;Guts;Hustle;0.7;18.5;Brown;rattata;;Field;;20
27;21;spearow;Spearow;Normal;Flying;;;;;40;60;30;31;31;70;Keen Eye;;Sniper;0.3;2;Brown;;fearow;Flying;;
28;22;fearow;Fearow;Normal;Flying;;;;;65;90;65;61;61;100;Keen Eye;;Sniper;1.2;38;Brown;spearow;;Flying;;20
29;23;ekans;Ekans;Poison;;;;;;35;60;44;40;54;55;Intimidate;Shed Skin;Unnerve;2;6.9;Purple;;arbok;Field;Dragon;
30;24;arbok;Arbok;Poison;;;;;;60;85;69;65;79;80;Intimidate;Shed Skin;Unnerve;3.5;65;Purple;ekans;;Field;Dragon;22
31;25;pikachu;Pikachu;Electric;;;;;;35;55;40;50;50;90;Static;;Lightning Rod;0.4;6;Yellow;pichu;raichu;Field;Fairy;1
32;26;raichu;Raichu;Electric;;;;;;60;90;55;90;80;110;Static;;Lightning Rod;0.8;30;Yellow;pikachu;;Field;Fairy;1
33;27;sandshrew;Sandshrew;Ground;;;;;;50;75;85;20;30;40;Sand Veil;;Sand Rush;0.6;12;Yellow;;sandslash;Field;;
34;28;sandslash;Sandslash;Ground;;;;;;75;100;110;45;55;65;Sand Veil;;Sand Rush;1;29.5;Yellow;sandshrew;;Field;;22
35;29;nidoran-f;Nidoran-F;Poison;;;;;;55;47;52;40;40;41;Poison Point;Rivalry;Hustle;0.4;7;Blue;;nidorina;Monster;Field;
36;30;nidorina;Nidorina;Poison;;;;;;70;62;67;55;55;56;Poison Point;Rivalry;Hustle;0.8;20;Blue;nidoranf;nidoqueen;Undiscovered;;16
37;31;nidoqueen;Nidoqueen;Poison;Ground;;;;;90;92;87;75;85;76;Poison Point;Rivalry;Sheer Force;1.3;60;Blue;nidorina;;Undiscovered;;16
38;32;nidoran-m;Nidoran-M;Poison;;;;;;46;57;40;40;40;50;Poison Point;Rivalry;Hustle;0.5;9;Purple;;nidorino;Monster;Field;
39;33;nidorino;Nidorino;Poison;;;;;;61;72;57;55;55;65;Poison Point;Rivalry;Hustle;0.9;19.5;Purple;nidoranm;nidoking;Monster;Field;16
40;34;nidoking;Nidoking;Poison;Ground;;;;;81;102;77;85;75;85;Poison Point;Rivalry;Sheer Force;1.4;62;Purple;nidorino;;Monster;Field;16
41;35;clefairy;Clefairy;Fairy;;;;0.25;0.75;70;45;48;60;65;35;Cute Charm;Magic Guard;Friend Guard;0.6;7.5;Pink;cleffa;clefable;Fairy;;1
42;36;clefable;Clefable;Fairy;;;;0.25;0.75;95;70;73;95;90;60;Cute Charm;Magic Guard;Unaware;1.3;40;Pink;clefairy;;Fairy;;1
43;37;vulpix;Vulpix;Fire;;;;0.25;0.75;38;41;40;50;65;65;Flash Fire;;Drought;0.6;9.9;Brown;;ninetales;Field;;
44;38;ninetales;Ninetales;Fire;;;;0.25;0.75;73;76;75;81;100;100;Flash Fire;;Drought;1.1;19.9;Yellow;vulpix;;Field;;1
45;39;jigglypuff;Jigglypuff;Normal;Fairy;;;0.25;0.75;115;45;20;45;25;20;Cute Charm;Competitive;Friend Guard;0.5;5.5;Pink;igglybuff;wigglytuff;Fairy;;1
46;40;wigglytuff;Wigglytuff;Normal;Fairy;;;0.25;0.75;140;70;45;85;50;45;Cute Charm;Competitive;Frisk;1;12;Pink;jigglypuff;;Fairy;;1
47;41;zubat;Zubat;Poison;Flying;;;;;40;45;35;30;40;55;Inner Focus;;Infiltrator;0.8;7.5;Purple;;golbat;Flying;;
48;42;golbat;Golbat;Poison;Flying;;;;;75;80;70;65;75;90;Inner Focus;;Infiltrator;1.6;55;Purple;zubat;crobat;Flying;;22
49;43;oddish;Oddish;Grass;Poison;;;;;45;50;55;75;65;30;Chlorophyll;;Run Away;0.5;5.4;Blue;;gloom;Grass;;
50;44;gloom;Gloom;Grass;Poison;;;;;60;65;70;85;75;40;Chlorophyll;;Stench;0.8;8.6;Blue;oddish;;Grass;;21
51;45;vileplume;Vileplume;Grass;Poison;;;;;75;80;85;110;90;50;Chlorophyll;;Effect Spore;1.2;18.6;Red;gloom;;Grass;;21
52;46;paras;Paras;Bug;Grass;;;;;35;70;55;45;55;25;Effect Spore;Dry Skin;Damp;0.3;5.4;Red;;parasect;Bug;Grass;
53;47;parasect;Parasect;Bug;Grass;;;;;60;95;80;60;80;30;Effect Spore;Dry Skin;Damp;1;29.5;Red;paras;;Bug;Grass;24
54;48;venonat;Venonat;Bug;Poison;;;;;60;55;50;40;55;45;Compound Eyes;Tinted Lens;Run Away;1;30;Purple;;venomoth;Bug;;
55;49;venomoth;Venomoth;Bug;Poison;;;;;70;65;60;90;75;90;Shield Dust;Tinted Lens;Wonder Skin;1.5;12.5;Purple;venonat;;Bug;;31
56;50;diglett;Diglett;Ground;;;;;;10;55;25;35;45;95;Sand Veil;Arena Trap;Sand Force;0.2;0.8;Brown;;dugtrio;Field;;
57;51;dugtrio;Dugtrio;Ground;;;;;;35;80;50;50;70;120;Sand Veil;Arena Trap;Sand Force;0.7;33.3;Brown;diglett;;Field;;26
58;52;meowth;Meowth;Normal;;;;;;40;45;35;40;40;90;Pickup;Technician;Unnerve;0.4;4.2;Yellow;;persian;Field;;
59;53;persian;Persian;Normal;;;;;;65;70;60;65;65;115;Limber;Technician;Unnerve;1;32;Yellow;meowth;;Field;;28
60;54;psyduck;Psyduck;Water;;;;;;50;52;48;65;50;55;Damp;Cloud Nine;Swift Swim;0.8;19.6;Yellow;;golduck;Water 1;Field;
61;55;golduck;Golduck;Water;;;;;;80;82;78;95;80;85;Damp;Cloud Nine;Swift Swim;1.7;76.6;Blue;psyduck;;Water 1;Field;33
62;56;mankey;Mankey;Fighting;;;;;;40;80;35;35;45;70;Vital Spirit;Anger Point;Defiant;0.5;28;Brown;;primeape;Field;;
63;57;primeape;Primeape;Fighting;;;;;;65;105;60;60;70;95;Vital Spirit;Anger Point;Defiant;1;32;Brown;mankey;;Field;;28
64;58;growlithe;Growlithe;Fire;;;;0.75;0.25;55;70;45;70;50;60;Intimidate;Flash Fire;Justified;0.7;19;Brown;;arcanine;Field;;
65;59;arcanine;Arcanine;Fire;;;;0.75;0.25;90;110;80;100;80;95;Intimidate;Flash Fire;Justified;1.9;155;Brown;growlithe;;Field;;1
66;60;poliwag;Poliwag;Water;;;;;;40;50;40;40;40;90;Water Absorb;Damp;Swift Swim;0.6;12.4;Blue;;poliwhirl;Water 1;;
67;61;poliwhirl;Poliwhirl;Water;;;;;;65;65;65;50;50;90;Water Absorb;Damp;Swift Swim;1;20;Blue;poliwag;;Water 1;;25
68;62;poliwrath;Poliwrath;Water;Fighting;;;;;90;95;95;70;90;70;Water Absorb;Damp;Swift Swim;1.3;54;Blue;poliwhirl;;Water 1;;25
69;63;abra;Abra;Psychic;;;;0.75;0.25;25;20;15;105;55;90;Synchronize;Inner Focus;Magic Guard;0.9;19.5;Brown;;kadabra;Human-Like;;
70;64;kadabra;Kadabra;Psychic;;;;0.75;0.25;40;35;30;120;70;105;Synchronize;Inner Focus;Magic Guard;1.3;56.5;Brown;abra;alakazam;Human-Like;;16
71;65;alakazam-mega;Alakazam-Mega;Psychic;;Alakazam;Mega;0.75;0.25;55;50;65;175;95;150;Trace;;;1.2;48;Brown;kadabra;;Human-Like;;16
72;65;alakazam;Alakazam;Psychic;;;;0.75;0.25;55;50;45;135;95;120;Synchronize;Inner Focus;Magic Guard;1.5;48;Brown;kadabra;;Human-Like;;16
73;66;machop;Machop;Fighting;;;;0.75;0.25;70;80;50;35;35;35;Guts;No Guard;Steadfast;0.8;19.5;Gray;;machoke;Human-Like;;
74;67;machoke;Machoke;Fighting;;;;0.75;0.25;80;100;70;50;60;45;Guts;No Guard;Steadfast;1.5;70.5;Gray;machop;machamp;Human-Like;;28
75;68;machamp;Machamp;Fighting;;;;0.75;0.25;90;130;80;65;85;55;Guts;No Guard;Steadfast;1.6;130;Gray;machoke;;Human-Like;;28
76;69;bellsprout;Bellsprout;Grass;Poison;;;;;50;75;35;70;30;40;Chlorophyll;;Gluttony;0.7;4;Green;;weepinbell;Grass;;
77;70;weepinbell;Weepinbell;Grass;Poison;;;;;65;90;50;85;45;55;Chlorophyll;;Gluttony;1;6.4;Green;bellsprout;victreebel;Grass;;21
78;71;victreebel;Victreebel;Grass;Poison;;;;;80;105;65;100;70;70;Chlorophyll;;Gluttony;1.7;15.5;Green;weepinbell;;Grass;;21
79;72;tentacool;Tentacool;Water;Poison;;;;;40;40;35;50;100;70;Clear Body;Liquid Ooze;Rain Dish;0.9;45.5;Blue;;tentacruel;Water 3;;
80;73;tentacruel;Tentacruel;Water;Poison;;;;;80;70;65;80;120;100;Clear Body;Liquid Ooze;Rain Dish;1.6;55;Blue;tentacool;;Water 3;;30
81;74;geodude;Geodude;Rock;Ground;;;;;40;80;100;30;30;20;Rock Head;Sturdy;Sand Veil;0.4;20;Brown;;graveler;Mineral;;
82;75;graveler;Graveler;Rock;Ground;;;;;55;95;115;45;45;35;Rock Head;Sturdy;Sand Veil;1;105;Brown;geodude;golem;Mineral;;25
83;76;golem;Golem;Rock;Ground;;;;;80;120;130;55;65;45;Rock Head;Sturdy;Sand Veil;1.4;300;Brown;graveler;;Mineral;;25
84;77;ponyta;Ponyta;Fire;;;;;;50;85;55;65;65;90;Run Away;Flash Fire;Flame Body;1;30;Yellow;;rapidash;Field;;
85;78;rapidash;Rapidash;Fire;;;;;;65;100;70;80;80;105;Run Away;Flash Fire;Flame Body;1.7;95;Yellow;ponyta;;Field;;40
86;79;slowpoke;Slowpoke;Water;Psychic;;;;;90;65;65;40;40;15;Oblivious;Own Tempo;Regenerator;1.2;36;Pink;;;Monster;Water 1;
87;80;slowbro-mega;Slowbro-Mega;Water;Psychic;Slowbro;Mega;;;95;75;180;130;80;30;Shell Armor;;;2;120;Pink;slowpoke;;Monster;Water 1;37
88;80;slowbro;Slowbro;Water;Psychic;;;;;95;75;110;100;80;30;Oblivious;Own Tempo;Regenerator;1.6;78.5;Pink;slowpoke;;Monster;Water 1;37
89;81;magnemite;Magnemite;Electric;Steel;;;;;25;35;70;95;55;45;Magnet Pull;Sturdy;Analytic;0.3;6;Gray;;magneton;Mineral;;
90;82;magneton;Magneton;Electric;Steel;;;;;50;60;95;120;70;70;Magnet Pull;Sturdy;Analytic;1;60;Gray;magnemite;magnezone;Mineral;;30
91;83;farfetchd;Farfetch'd;Normal;Flying;;;;;52;65;55;58;62;60;Keen Eye;Inner Focus;Defiant;0.8;15;Brown;;;Flying;Field;
92;84;doduo;Doduo;Normal;Flying;;;;;35;85;45;35;35;75;Run Away;Early Bird;Tangled Feet;1.4;39.2;Brown;;dodrio;Flying;;
93;85;dodrio;Dodrio;Normal;Flying;;;;;60;110;70;60;60;100;Run Away;Early Bird;Tangled Feet;1.8;85.2;Brown;doduo;;Flying;;31
94;86;seel;Seel;Water;;;;;;65;45;55;45;70;45;Thick Fat;Hydration;Ice Body;1.1;90;White;;dewgong;Water 1;Field;
95;87;dewgong;Dewgong;Water;Ice;;;;;90;70;80;70;95;70;Thick Fat;Hydration;Ice Body;1.7;120;White;seel;;Water 1;Field;34
96;88;grimer;Grimer;Poison;;;;;;80;80;50;40;50;25;Stench;Sticky Hold;Poison Touch;0.9;30;Purple;;muk;Amorphous;;
97;89;muk;Muk;Poison;;;;;;105;105;75;65;100;50;Stench;Sticky Hold;Poison Touch;1.2;30;Purple;grimer;;Amorphous;;38
98;90;shellder;Shellder;Water;;;;;;30;65;100;45;25;40;Shell Armor;Skill Link;Overcoat;0.3;4;Purple;;cloyster;Water 3;;
99;91;cloyster;Cloyster;Water;Ice;;;;;50;95;180;85;45;70;Shell Armor;Skill Link;Overcoat;1.5;132.5;Purple;shellder;;Water 3;;1
100;92;gastly;Gastly;Ghost;Poison;;;;;30;35;30;100;35;80;Levitate;;;1.3;0.1;Purple;;haunter;Amorphous;;
101;93;haunter;Haunter;Ghost;Poison;;;;;45;50;45;115;55;95;Levitate;;;1.6;0.1;Purple;gastly;gengar;Amorphous;;25
102;94;gengar-mega;Gengar-Mega;Ghost;Poison;Gengar;Mega;;;60;65;80;170;95;130;Shadow Tag;;;1.4;40.5;Purple;haunter;;Amorphous;;25
103;94;gengar;Gengar;Ghost;Poison;;;;;60;65;60;130;75;110;Levitate;;;1.5;40.5;Purple;haunter;;Amorphous;;25
104;95;onix;Onix;Rock;Ground;;;;;35;45;160;30;45;70;Rock Head;Sturdy;Weak Armor;8.8;210;Gray;;steelix;Mineral;;
105;96;drowzee;Drowzee;Psychic;;;;;;60;48;45;43;90;42;Insomnia;Forewarn;Inner Focus;1;32.4;Yellow;;hypno;Human-Like;;
106;97;hypno;Hypno;Psychic;;;;;;85;73;70;73;115;67;Insomnia;Forewarn;Inner Focus;1.6;75.6;Yellow;drowzee;;Human-Like;;26
107;98;krabby;Krabby;Water;;;;;;30;105;90;25;25;50;Hyper Cutter;Shell Armor;Sheer Force;0.4;6.5;Red;;kingler;Water 3;;
108;99;kingler;Kingler;Water;;;;;;55;130;115;50;50;75;Hyper Cutter;Shell Armor;Sheer Force;1.3;60;Red;krabby;;Water 3;;28
109;100;voltorb;Voltorb;Electric;;;;;;40;30;50;55;55;100;Soundproof;Static;Aftermath;0.5;10.4;Red;;electrode;Mineral;;
110;101;electrode;Electrode;Electric;;;;;;60;50;70;80;80;140;Soundproof;Static;Aftermath;1.2;66.6;Red;voltorb;;Mineral;;30
111;102;exeggcute;Exeggcute;Grass;Psychic;;;;;60;40;80;60;45;40;Chlorophyll;;Harvest;0.4;2.5;Pink;;exeggutor;Grass;;
112;103;exeggutor;Exeggutor;Grass;Psychic;;;;;95;95;85;125;65;55;Chlorophyll;;Harvest;2;120;Yellow;exeggcute;;Grass;;1
113;104;cubone;Cubone;Ground;;;;;;50;50;95;40;50;35;Rock Head;Lightning Rod;Battle Armor;0.4;6.5;Brown;;marowak;Monster;;
114;105;marowak;Marowak;Ground;;;;;;60;80;110;50;80;45;Rock Head;Lightning Rod;Battle Armor;1;45;Brown;cubone;;Monster;;28
115;106;hitmonlee;Hitmonlee;Fighting;;;;;;50;120;53;35;110;87;Limber;Reckless;Unburden;1.5;49.8;Brown;tyrogue;;Human-Like;;20
116;107;hitmonchan;Hitmonchan;Fighting;;;;;;50;105;79;35;110;76;Keen Eye;Iron Fist;Inner Focus;1.4;50.2;Brown;tyrogue;;Human-Like;;20
117;108;lickitung;Lickitung;Normal;;;;;;90;55;75;60;75;30;Own Tempo;Oblivious;Cloud Nine;1.2;65.5;Pink;;lickilicky;Monster;;
118;109;koffing;Koffing;Poison;;;;;;40;65;95;60;45;35;Levitate;;;0.6;1;Purple;;weezing;Amorphous;;
119;110;weezing;Weezing;Poison;;;;;;65;90;120;85;70;60;Levitate;;;1.2;9.5;Purple;koffing;;Amorphous;;35
120;111;rhyhorn;Rhyhorn;Ground;Rock;;;;;80;85;95;30;30;25;Lightning Rod;Rock Head;Reckless;1;115;Gray;;rhydon;Monster;Field;
121;112;rhydon;Rhydon;Ground;Rock;;;;;105;130;120;45;45;40;Lightning Rod;Rock Head;Reckless;1.9;120;Gray;rhyhorn;rhyperior;Monster;Field;42
122;113;chansey;Chansey;Normal;;;;;;250;5;5;35;105;50;Natural Cure;Serene Grace;Healer;1.1;34.6;Pink;happiny;blissey;Fairy;;1
123;114;tangela;Tangela;Grass;;;;;;65;55;115;100;40;60;Chlorophyll;Leaf Guard;Regenerator;1;35;Blue;;tangrowth;Grass;;
124;115;kangaskhan-mega;Kangaskhan-Mega;Normal;;Kangaskhan;Mega;;;105;125;100;60;100;100;Parental Bond;;;2.2;100;Brown;;;Monster;;
125;115;kangaskhan;Kangaskhan;Normal;;;;;;105;95;80;40;80;90;Early Bird;Scrappy;Inner Focus;2.2;80;Brown;;;Monster;;
126;116;horsea;Horsea;Water;;;;;;30;40;70;70;25;60;Swift Swim;Sniper;Damp;0.4;8;Blue;;seadra;Water 1;Dragon;
127;117;seadra;Seadra;Water;;;;;;55;65;95;95;45;85;Poison Point;Sniper;Damp;1.2;25;Blue;horsea;kingdra;Water 1;Dragon;32
128;118;goldeen;Goldeen;Water;;;;;;45;67;60;35;50;63;Swift Swim;Water Veil;Lightning Rod;0.6;15;Red;;seaking;Water 2;;
129;119;seaking;Seaking;Water;;;;;;80;92;65;65;80;68;Swift Swim;Water Veil;Lightning Rod;1.3;39;Red;goldeen;;Water 2;;33
130;120;staryu;Staryu;Water;;;;;;30;45;55;70;55;85;Illuminate;Natural Cure;Analytic;0.8;34.5;Brown;;starmie;Water 3;;
131;121;starmie;Starmie;Water;Psychic;;;;;60;75;85;100;85;115;Illuminate;Natural Cure;Analytic;1.1;80;Purple;staryu;;Water 3;;1
132;122;mrmime;Mr. Mime;Psychic;Fairy;;;;;40;45;65;100;120;90;Soundproof;Filter;Technician;1.3;54.5;Pink;mimejr;;Human-Like;;1
133;123;scyther;Scyther;Bug;Flying;;;;;70;110;80;55;80;105;Swarm;Technician;Steadfast;1.5;56;Green;;scizor;Bug;;
134;124;jynx;Jynx;Ice;Psychic;;;;;65;50;35;115;95;95;Oblivious;Forewarn;Dry Skin;1.4;40.6;Red;smoochum;;Human-Like;;30
135;125;electabuzz;Electabuzz;Electric;;;;0.75;0.25;65;83;57;95;85;105;Static;;Vital Spirit;1.1;30;Yellow;elekid;electivire;Human-Like;;30
136;126;magmar;Magmar;Fire;;;;0.75;0.25;65;95;57;100;85;93;Flame Body;;Vital Spirit;1.3;44.5;Red;magby;magmortar;Human-Like;;30
137;127;pinsir-mega;Pinsir-Mega;Bug;Flying;Pinsir;Mega;;;65;155;120;65;90;105;Aerilate;;;1.7;59;Brown;;;Bug;;
138;127;pinsir;Pinsir;Bug;;;;;;65;125;100;55;70;85;Hyper Cutter;Mold Breaker;Moxie;1.5;55;Brown;;;Bug;;
139;128;tauros;Tauros;Normal;;;;;;75;100;95;40;70;110;Intimidate;Anger Point;Sheer Force;1.4;88.4;Brown;;;Field;;
140;129;magikarp;Magikarp;Water;;;;;;20;10;55;15;20;80;Swift Swim;;Rattled;0.9;10;Red;;gyarados;Water 2;Dragon;
141;130;gyarados-mega;Gyarados-Mega;Water;Dark;Gyarados;Mega;;;95;155;109;70;130;81;Mold Breaker;;;6.5;305;Blue;magikarp;;Water 2;Dragon;20
142;130;gyarados;Gyarados;Water;Flying;;;;;95;125;79;60;100;81;Intimidate;;Moxie;6.5;235;Blue;magikarp;;Water 2;Dragon;20
143;131;lapras;Lapras;Water;Ice;;;;;130;85;80;85;95;60;Water Absorb;Shell Armor;Hydration;2.5;220;Blue;;;Monster;Water 1;
144;132;ditto;Ditto;Normal;;;;;;48;48;48;48;48;48;Limber;;Imposter;0.3;4;Purple;;;Ditto;;
145;133;eevee;Eevee;Normal;;;;0.875;0.125;55;55;50;45;65;55;Run Away;Adaptability;Anticipation;0.3;6.5;Brown;;;Field;;
146;134;vaporeon;Vaporeon;Water;;;;0.875;0.125;130;65;60;110;95;65;Water Absorb;;Hydration;1;29;Blue;eevee;;Field;;1
147;135;jolteon;Jolteon;Electric;;;;0.875;0.125;65;65;60;110;95;130;Volt Absorb;;Quick Feet;0.8;24.5;Yellow;eevee;;Field;;1
148;136;flareon;Flareon;Fire;;;;0.875;0.125;65;130;60;95;110;65;Flash Fire;;Guts;0.9;25;Red;eevee;;Field;;1
149;137;porygon;Porygon;Normal;;;;;;65;60;70;85;75;40;Trace;Download;Analytic;0.8;36.5;Pink;;porygon2;Mineral;;
150;138;omanyte;Omanyte;Rock;Water;;;0.875;0.125;35;40;100;90;55;35;Swift Swim;Shell Armor;Weak Armor;0.4;7.5;Blue;;omastar;Water 1;Water 3;
151;139;omastar;Omastar;Rock;Water;;;0.875;0.125;70;60;125;115;70;55;Swift Swim;Shell Armor;Weak Armor;1;35;Blue;omanyte;;Water 1;Water 3;40
152;140;kabuto;Kabuto;Rock;Water;;;0.875;0.125;30;80;90;55;45;55;Swift Swim;Battle Armor;Weak Armor;0.5;11.5;Brown;;kabutops;Water 1;Water 3;
153;141;kabutops;Kabutops;Rock;Water;;;0.875;0.125;60;115;105;65;70;80;Swift Swim;Battle Armor;Weak Armor;1.3;40.5;Brown;kabuto;;Water 1;Water 3;40
154;142;aerodactyl-mega;Aerodactyl-Mega;Rock;Flying;Aerodactyl;Mega;0.875;0.125;80;135;85;70;95;150;Tough Claws;;;2.1;79;Purple;;;Flying;;
155;142;aerodactyl;Aerodactyl;Rock;Flying;;;0.875;0.125;80;105;65;60;75;130;Rock Head;Pressure;Unnerve;1.8;59;Purple;;;Flying;;
156;143;snorlax;Snorlax;Normal;;;;0.875;0.125;160;110;65;65;110;30;Immunity;Thick Fat;Gluttony;2.1;460;Black;munchlax;;Monster;;1
157;144;articuno;Articuno;Ice;Flying;;;;;90;85;100;95;125;85;Pressure;;Snow Cloak;1.7;55.4;Blue;;;Undiscovered;;
158;145;zapdos;Zapdos;Electric;Flying;;;;;90;90;85;125;90;100;Pressure;;Static;1.6;52.6;Yellow;;;Undiscovered;;
159;146;moltres;Moltres;Fire;Flying;;;;;90;100;90;125;85;90;Pressure;;Flame Body;2;60;Yellow;;;Undiscovered;;
160;147;dratini;Dratini;Dragon;;;;;;41;64;45;50;50;50;Shed Skin;;Marvel Scale;1.8;3.3;Blue;;dragonair;Water 1;Dragon;
161;148;dragonair;Dragonair;Dragon;;;;;;61;84;65;70;70;70;Shed Skin;;Marvel Scale;4;16.5;Blue;dratini;dragonite;Water 1;Dragon;30
162;149;dragonite;Dragonite;Dragon;Flying;;;;;91;134;95;100;100;80;Inner Focus;;Multiscale;2.2;210;Brown;dragonair;;Water 1;Dragon;55
163;150;mewtwo-mega-y;Mewtwo-Mega-Y;Psychic;;Mewtwo;Mega-Y;;;106;150;70;194;120;140;Insomnia;;;1.5;33;Purple;;;Undiscovered;;
164;150;mewtwo-mega-x;Mewtwo-Mega-X;Psychic;Fighting;Mewtwo;Mega-X;;;106;190;100;154;100;130;Steadfast;;;2.3;127;Purple;;;Undiscovered;;
165;150;mewtwo;Mewtwo;Psychic;;;;;;106;110;90;154;90;130;Pressure;;Unnerve;2;122;Purple;;;Undiscovered;;
166;151;mew;Mew;Psychic;;;;;;100;100;100;100;100;100;Synchronize;;;0.4;4;Pink;;;Undiscovered;;
167;152;chikorita;Chikorita;Grass;;;;0.875;0.125;45;49;65;49;65;45;Overgrow;;Leaf Guard;0.9;6.4;Green;;bayleef;Monster;Grass;
168;153;bayleef;Bayleef;Grass;;;;0.875;0.125;60;62;80;63;80;60;Overgrow;;Leaf Guard;1.2;15.8;Green;chikorita;meganium;Monster;Grass;16
169;154;meganium;Meganium;Grass;;;;0.875;0.125;80;82;100;83;100;80;Overgrow;;Leaf Guard;1.8;100.5;Green;bayleef;;Monster;Grass;32
170;155;cyndaquil;Cyndaquil;Fire;;;;0.875;0.125;39;52;43;60;50;65;Blaze;;Flash Fire;0.5;7.9;Yellow;;quilava;Field;;
171;156;quilava;Quilava;Fire;;;;0.875;0.125;58;64;58;80;65;80;Blaze;;Flash Fire;0.9;19;Yellow;cyndaquil;typhlosion;Field;;14
172;157;typhlosion;Typhlosion;Fire;;;;0.875;0.125;78;84;78;109;85;100;Blaze;;Flash Fire;1.7;79.5;Yellow;quilava;;Field;;36
173;158;totodile;Totodile;Water;;;;0.875;0.125;50;65;64;44;48;43;Torrent;;Sheer Force;0.6;9.5;Blue;;croconaw;Monster;Water 1;
174;159;croconaw;Croconaw;Water;;;;0.875;0.125;65;80;80;59;63;58;Torrent;;Sheer Force;1.1;25;Blue;totodile;feraligatr;Monster;Water 1;18
175;160;feraligatr;Feraligatr;Water;;;;0.875;0.125;85;105;100;79;83;78;Torrent;;Sheer Force;2.3;88.8;Blue;croconaw;;Monster;Water 1;30
176;161;sentret;Sentret;Normal;;;;;;35;46;34;35;45;20;Run Away;Keen Eye;Frisk;0.8;6;Brown;;furret;Field;;
177;162;furret;Furret;Normal;;;;;;85;76;64;45;55;90;Run Away;Keen Eye;Frisk;1.8;32.5;Brown;sentret;;Field;;15
178;163;hoothoot;Hoothoot;Normal;Flying;;;;;60;30;30;36;56;50;Insomnia;Keen Eye;Tinted Lens;0.7;21.2;Brown;;noctowl;Flying;;
179;164;noctowl;Noctowl;Normal;Flying;;;;;100;50;50;76;96;70;Insomnia;Keen Eye;Tinted Lens;1.6;40.8;Brown;hoothoot;;Flying;;20
180;165;ledyba;Ledyba;Bug;Flying;;;;;40;20;30;40;80;55;Swarm;Early Bird;Rattled;1;10.8;Red;;ledian;Bug;;
181;166;ledian;Ledian;Bug;Flying;;;;;55;35;50;55;110;85;Swarm;Early Bird;Iron Fist;1.4;35.6;Red;ledyba;;Bug;;18
182;167;spinarak;Spinarak;Bug;Poison;;;;;40;60;40;40;40;30;Swarm;Insomnia;Sniper;0.5;8.5;Green;;ariados;Bug;;
183;168;ariados;Ariados;Bug;Poison;;;;;70;90;70;60;60;40;Swarm;Insomnia;Sniper;1.1;33.5;Red;spinarak;;Bug;;22
184;169;crobat;Crobat;Poison;Flying;;;;;85;90;80;70;80;130;Inner Focus;;Infiltrator;1.8;75;Purple;golbat;;Flying;;23
185;170;chinchou;Chinchou;Water;Electric;;;;;75;38;38;56;56;67;Volt Absorb;Illuminate;Water Absorb;0.5;12;Blue;;lanturn;Water 2;;
186;171;lanturn;Lanturn;Water;Electric;;;;;125;58;58;76;76;67;Volt Absorb;Illuminate;Water Absorb;1.2;22.5;Blue;chinchou;;Water 2;;27
187;172;pichu;Pichu;Electric;;;;;;20;40;15;35;35;60;Static;;Lightning Rod;0.3;2;Yellow;;pikachu;Undiscovered;;
188;173;cleffa;Cleffa;Fairy;;;;0.25;0.75;50;25;28;45;55;15;Cute Charm;Magic Guard;Friend Guard;0.3;3;Pink;;clefairy;Undiscovered;;
189;174;igglybuff;Igglybuff;Normal;Fairy;;;0.25;0.75;90;30;15;40;20;15;Cute Charm;Competitive;Friend Guard;0.3;1;Pink;;jigglypuff;Undiscovered;;
190;175;togepi;Togepi;Fairy;;;;0.875;0.125;35;20;65;40;65;20;Hustle;Serene Grace;Super Luck;0.3;1.5;White;;togetic;Undiscovered;;
191;176;togetic;Togetic;Fairy;Flying;;;0.875;0.125;55;40;85;80;105;40;Hustle;Serene Grace;Super Luck;0.6;3.2;White;togepi;togekiss;Flying;Fairy;2
192;177;natu;Natu;Psychic;Flying;;;;;40;50;45;70;45;70;Synchronize;Early Bird;Magic Bounce;0.2;2;Green;;xatu;Flying;;
193;178;xatu;Xatu;Psychic;Flying;;;;;65;75;70;95;70;95;Synchronize;Early Bird;Magic Bounce;1.5;15;Green;natu;;Flying;;25
194;179;mareep;Mareep;Electric;;;;;;55;40;40;65;45;35;Static;;Plus;0.6;7.8;White;;flaaffy;Monster;Field;
195;180;flaaffy;Flaaffy;Electric;;;;;;70;55;55;80;60;45;Static;;Plus;0.8;13.3;Pink;mareep;ampharos;Monster;Field;15
196;181;ampharos-mega;Ampharos-Mega;Electric;Dragon;Ampharos;Mega;;;90;95;105;165;110;45;Mold Breaker;;;1.4;61.5;Yellow;flaaffy;;Monster;Field;30
197;181;ampharos;Ampharos;Electric;;;;;;90;75;85;115;90;55;Static;;Plus;1.4;61.5;Yellow;flaaffy;;Monster;Field;30
198;182;bellossom;Bellossom;Grass;;;;;;75;80;95;90;100;50;Chlorophyll;;Healer;0.4;5.8;Green;gloom;;Grass;;21
199;183;marill;Marill;Water;Fairy;;;;;70;20;50;20;50;40;Thick Fat;Huge Power;Sap Sipper;0.4;8.5;Blue;azurill;azumarill;Water 1;Fairy;1
200;184;azumarill;Azumarill;Water;Fairy;;;;;100;50;80;60;80;50;Thick Fat;Huge Power;Sap Sipper;0.8;28.5;Blue;marill;;Water 1;Fairy;18
201;185;sudowoodo;Sudowoodo;Rock;;;;;;70;100;115;30;65;30;Sturdy;Rock Head;Rattled;1.2;38;Brown;bonsly;;Mineral;;1
202;186;politoed;Politoed;Water;;;;;;90;75;75;90;100;70;Water Absorb;Damp;Drizzle;1.1;33.9;Green;poliwhirl;;Water 1;;25
203;187;hoppip;Hoppip;Grass;Flying;;;;;35;35;40;35;55;50;Chlorophyll;Leaf Guard;Infiltrator;0.4;0.5;Pink;;skiploom;Fairy;Grass;
204;188;skiploom;Skiploom;Grass;Flying;;;;;55;45;50;45;65;80;Chlorophyll;Leaf Guard;Infiltrator;0.6;1;Green;hoppip;jumpluff;Fairy;Grass;18
205;189;jumpluff;Jumpluff;Grass;Flying;;;;;75;55;70;55;95;110;Chlorophyll;Leaf Guard;Infiltrator;0.8;3;Blue;skiploom;;Fairy;Grass;27
206;190;aipom;Aipom;Normal;;;;;;55;70;55;40;55;85;Run Away;Pickup;Skill Link;0.8;11.5;Purple;;ambipom;Field;;
207;191;sunkern;Sunkern;Grass;;;;;;30;30;30;30;30;30;Chlorophyll;Solar Power;Early Bird;0.3;1.8;Yellow;;sunflora;Grass;;
208;192;sunflora;Sunflora;Grass;;;;;;75;75;55;105;85;30;Chlorophyll;Solar Power;Early Bird;0.8;8.5;Yellow;sunkern;;Grass;;1
209;193;yanma;Yanma;Bug;Flying;;;;;65;65;45;75;45;95;Speed Boost;Compound Eyes;Frisk;1.2;38;Red;;yanmega;Bug;;
210;194;wooper;Wooper;Water;Ground;;;;;55;45;45;25;25;15;Damp;Water Absorb;Unaware;0.4;8.5;Blue;;quagsire;Water 1;Field;
211;195;quagsire;Quagsire;Water;Ground;;;;;95;85;85;65;65;35;Damp;Water Absorb;Unaware;1.4;75;Blue;wooper;;Water 1;Field;20
212;196;espeon;Espeon;Psychic;;;;0.875;0.125;65;65;60;130;95;110;Synchronize;;Magic Bounce;0.9;26.5;Purple;eevee;;Field;;2
213;197;umbreon;Umbreon;Dark;;;;0.875;0.125;95;65;110;60;130;65;Synchronize;;Inner Focus;1;27;Black;eevee;;Field;;2
214;198;murkrow;Murkrow;Dark;Flying;;;;;60;85;42;85;42;91;Insomnia;Super Luck;Prankster;0.5;2.1;Black;;honchkrow;Flying;;
215;199;slowking;Slowking;Water;Psychic;;;;;95;75;80;100;110;30;Oblivious;Own Tempo;Regenerator;2;79.5;Pink;slowpoke;;Monster;Water 1;1
216;200;misdreavus;Misdreavus;Ghost;;;;;;60;60;60;85;85;85;Levitate;;;0.7;1;Gray;;mismagius;Amorphous;;
217;201;unown;Unown;Psychic;;;;;;48;72;48;72;48;48;Levitate;;;0.5;5;Black;;;Undiscovered;;
218;202;wobbuffet;Wobbuffet;Psychic;;;;;;190;33;58;33;58;33;Shadow Tag;;Telepathy;1.3;28.5;Blue;wynaut;;Amorphous;;15
219;203;girafarig;Girafarig;Normal;Psychic;;;;;70;80;65;90;65;85;Inner Focus;Early Bird;Sap Sipper;1.5;41.5;Yellow;;;Field;;
220;204;pineco;Pineco;Bug;;;;;;50;65;90;35;35;15;Sturdy;;Overcoat;0.6;7.2;Gray;;forretress;Bug;;
221;205;forretress;Forretress;Bug;Steel;;;;;75;90;140;60;60;40;Sturdy;;Overcoat;1.2;125.8;Purple;pineco;;Bug;;31
222;206;dunsparce;Dunsparce;Normal;;;;;;100;70;70;65;65;45;Serene Grace;Run Away;Rattled;1.5;14;Yellow;;;Field;;
223;207;gligar;Gligar;Ground;Flying;;;;;65;75;105;35;65;85;Hyper Cutter;Sand Veil;Immunity;1.1;64.8;Purple;;gliscor;Bug;;
224;208;steelix-mega;Steelix-Mega;Steel;Ground;Steelix;Mega;;;75;125;230;55;95;30;Sand Force;;;10.5;740;Gray;onix;;Mineral;;1
225;208;steelix;Steelix;Steel;Ground;;;;;75;85;200;55;65;30;Rock Head;Sturdy;Sheer Force;9.2;400;Gray;onix;;Mineral;;1
226;209;snubbull;Snubbull;Fairy;;;;0.25;0.75;60;80;50;40;40;30;Intimidate;Run Away;Rattled;0.6;7.8;Pink;;granbull;Field;Fairy;
227;210;granbull;Granbull;Fairy;;;;0.25;0.75;90;120;75;60;60;45;Intimidate;Quick Feet;Rattled;1.4;48.7;Purple;snubbull;;Field;Fairy;23
228;211;qwilfish;Qwilfish;Water;Poison;;;;;65;95;75;55;55;85;Poison Point;Swift Swim;Intimidate;0.5;3.9;Gray;;;Water 2;;
229;212;scizor-mega;Scizor-Mega;Bug;Steel;Scizor;Mega;;;70;150;140;65;100;75;Technician;;;2;125;Red;scyther;;Bug;;1
230;212;scizor;Scizor;Bug;Steel;;;;;70;130;100;55;80;65;Swarm;Technician;Light Metal;1.8;118;Red;scyther;;Bug;;1
231;213;shuckle;Shuckle;Bug;Rock;;;;;20;10;230;10;230;5;Sturdy;Gluttony;Contrary;0.6;20.5;Yellow;;;Bug;;
232;214;heracross-mega;Heracross-Mega;Bug;Fighting;Heracross;Mega;;;80;185;115;40;105;75;Skill Link;;;1.7;62.5;Blue;;;Bug;;
233;214;heracross;Heracross;Bug;Fighting;;;;;80;125;75;40;95;85;Swarm;Guts;Moxie;1.5;54;Blue;;;Bug;;
234;215;sneasel;Sneasel;Dark;Ice;;;;;55;95;55;35;75;115;Inner Focus;Keen Eye;Pickpocket;0.9;28;Black;;weavile;Field;;
235;216;teddiursa;Teddiursa;Normal;;;;;;60;80;50;50;50;40;Pickup;Quick Feet;Honey Gather;0.6;8.8;Brown;;ursaring;Field;;
236;217;ursaring;Ursaring;Normal;;;;;;90;130;75;75;75;55;Guts;Quick Feet;Unnerve;1.8;125.8;Brown;teddiursa;;Field;;30
237;218;slugma;Slugma;Fire;;;;;;40;40;40;70;40;20;Magma Armor;Flame Body;Weak Armor;0.7;35;Red;;magcargo;Amorphous;;
238;219;magcargo;Magcargo;Fire;Rock;;;;;50;50;120;80;80;30;Magma Armor;Flame Body;Weak Armor;0.8;55;Red;slugma;;Amorphous;;38
239;220;swinub;Swinub;Ice;Ground;;;;;50;50;40;30;30;50;Oblivious;Snow Cloak;Thick Fat;0.4;6.5;Brown;;piloswine;Field;;
240;221;piloswine;Piloswine;Ice;Ground;;;;;100;100;80;60;60;50;Oblivious;Snow Cloak;Thick Fat;1.1;55.8;Brown;swinub;mamoswine;Field;;33
241;222;corsola;Corsola;Water;Rock;;;0.25;0.75;55;55;85;65;85;35;Hustle;Natural Cure;Regenerator;0.6;5;Pink;;;Water 1;Water 3;
242;223;remoraid;Remoraid;Water;;;;;;35;65;35;65;35;65;Hustle;Sniper;Moody;0.6;12;Gray;;octillery;Water 1;Water 2;
243;224;octillery;Octillery;Water;;;;;;75;105;75;105;75;45;Suction Cups;Sniper;Moody;0.9;28.5;Red;remoraid;;Water 1;Water 2;25
244;225;delibird;Delibird;Ice;Flying;;;;;45;55;45;65;45;75;Vital Spirit;Hustle;Insomnia;0.9;16;Red;;;Water 1;Field;
245;226;mantine;Mantine;Water;Flying;;;;;65;40;70;80;140;70;Swift Swim;Water Absorb;Water Veil;2.1;220;Purple;mantyke;;Water 1;;1
246;227;skarmory;Skarmory;Steel;Flying;;;;;65;80;140;40;70;70;Keen Eye;Sturdy;Weak Armor;1.7;50.5;Gray;;;Flying;;
247;228;houndour;Houndour;Dark;Fire;;;;;45;60;30;80;50;65;Early Bird;Flash Fire;Unnerve;0.6;10.8;Black;;houndoom;Field;;
248;229;houndoom-mega;Houndoom-Mega;Dark;Fire;Houndoom;Mega;;;75;90;90;140;90;115;Solar Power;;;1.9;49.5;Black;houndour;;Field;;24
249;229;houndoom;Houndoom;Dark;Fire;;;;;75;90;50;110;80;95;Early Bird;Flash Fire;Unnerve;1.4;35;Black;houndour;;Field;;24
250;230;kingdra;Kingdra;Water;Dragon;;;;;75;95;95;95;95;85;Swift Swim;Sniper;Damp;1.8;152;Blue;seadra;;Water 1;Dragon;32
251;231;phanpy;Phanpy;Ground;;;;;;90;60;60;40;40;40;Pickup;;Sand Veil;0.5;33.5;Blue;;donphan;Field;;
252;232;donphan;Donphan;Ground;;;;;;90;120;120;60;60;50;Sturdy;;Sand Veil;1.1;120;Gray;phanpy;;Field;;25
253;233;porygon2;Porygon2;Normal;;;;;;85;80;90;105;95;60;Trace;Download;Analytic;0.6;32.5;Red;porygon;porygonz;Mineral;;1
254;234;stantler;Stantler;Normal;;;;;;73;95;62;85;65;85;Intimidate;Frisk;Sap Sipper;1.4;71.2;Brown;;;Field;;
255;235;smeargle;Smeargle;Normal;;;;;;55;20;35;20;45;75;Own Tempo;Technician;Moody;1.2;58;White;;;Field;;
256;236;tyrogue;Tyrogue;Fighting;;;;;;35;35;35;35;35;35;Guts;Steadfast;Vital Spirit;0.7;21;Purple;;;Undiscovered;;
257;237;hitmontop;Hitmontop;Fighting;;;;;;50;95;95;35;110;70;Intimidate;Technician;Steadfast;1.4;48;Brown;tyrogue;;Human-Like;;20
258;238;smoochum;Smoochum;Ice;Psychic;;;;;45;30;15;85;65;65;Oblivious;Forewarn;Hydration;0.4;6;Pink;;jynx;Undiscovered;;
259;239;elekid;Elekid;Electric;;;;0.75;0.25;45;63;37;65;55;95;Static;;Vital Spirit;0.6;23.5;Yellow;;electabuzz;Undiscovered;;
260;240;magby;Magby;Fire;;;;0.75;0.25;45;75;37;70;55;83;Flame Body;;Vital Spirit;0.7;21.4;Red;;magmar;Undiscovered;;
261;241;miltank;Miltank;Normal;;;;;;95;80;105;40;70;100;Thick Fat;Scrappy;Sap Sipper;1.2;75.5;Pink;;;Field;;
262;242;blissey;Blissey;Normal;;;;;;255;10;10;75;135;55;Natural Cure;Serene Grace;Healer;1.5;46.8;Pink;chansey;;Fairy;;2
263;243;raikou;Raikou;Electric;;;;;;90;85;75;115;100;115;Pressure;;Volt Absorb;1.9;178;Yellow;;;Undiscovered;;
264;244;entei;Entei;Fire;;;;;;115;115;85;90;75;100;Pressure;;Flash Fire;2.1;198;Brown;;;Undiscovered;;
265;245;suicune;Suicune;Water;;;;;;100;75;115;90;115;85;Pressure;;Water Absorb;2;187;Blue;;;Undiscovered;;
266;246;larvitar;Larvitar;Rock;Ground;;;;;50;64;50;45;50;41;Guts;;Sand Veil;0.6;72;Green;;pupitar;Monster;;
267;247;pupitar;Pupitar;Rock;Ground;;;;;70;84;70;65;70;51;Shed Skin;;;1.2;152;Gray;larvitar;tyranitar;Monster;;30
268;248;tyranitar-mega;Tyranitar-Mega;Rock;Dark;Tyranitar;Mega;;;100;164;150;95;120;71;Sand Stream;;;2.5;255;Green;pupitar;;Monster;;55
269;248;tyranitar;Tyranitar;Rock;Dark;;;;;100;134;110;95;100;61;Sand Stream;;Unnerve;2;202;Green;pupitar;;Monster;;55
270;249;lugia;Lugia;Psychic;Flying;;;;;106;90;130;90;154;110;Pressure;;Multiscale;5.2;216;White;;;Undiscovered;;
271;250;ho-oh;Ho-Oh;Fire;Flying;;;;;106;130;90;110;154;90;Pressure;;Regenerator;3.8;199;Red;;;Undiscovered;;
272;251;celebi;Celebi;Psychic;Grass;;;;;100;100;100;100;100;100;Natural Cure;;;0.6;5;Green;;;Undiscovered;;
273;252;treecko;Treecko;Grass;;;;0.875;0.125;40;45;35;65;55;70;Overgrow;;Unburden;0.5;5;Green;;grovyle;Monster;Dragon;
274;253;grovyle;Grovyle;Grass;;;;0.875;0.125;50;65;45;85;65;95;Overgrow;;Unburden;0.9;21.6;Green;treecko;sceptile;Monster;Dragon;16
275;254;sceptile-mega;Sceptile-Mega;Grass;Dragon;Sceptile;Mega;0.875;0.125;70;110;75;145;85;145;Lightning Rod;;;1.9;55.2;Green;grovyle;;Monster;Dragon;36
276;254;sceptile;Sceptile;Grass;;;;0.875;0.125;70;85;65;105;85;120;Overgrow;;Unburden;1.7;52.2;Green;grovyle;;Monster;Dragon;36
277;255;torchic;Torchic;Fire;;;;0.875;0.125;45;60;40;70;50;45;Blaze;;Speed Boost;0.4;2.5;Red;;combusken;Field;;
278;256;combusken;Combusken;Fire;Fighting;;;0.875;0.125;60;85;60;85;60;55;Blaze;;Speed Boost;0.9;19.5;Red;torchic;blaziken;Field;;16
279;257;blaziken-mega;Blaziken-Mega;Fire;Fighting;Blaziken;Mega;0.875;0.125;80;160;80;130;80;100;Speed Boost;;;1.9;52;Red;combusken;;Field;;36
280;257;blaziken;Blaziken;Fire;Fighting;;;0.875;0.125;80;120;70;110;70;80;Blaze;;Speed Boost;1.9;52;Red;combusken;;Field;;36
281;258;mudkip;Mudkip;Water;;;;0.875;0.125;50;70;50;50;50;40;Torrent;;Damp;0.4;7.6;Blue;;marshtomp;Monster;Water 1;
282;259;marshtomp;Marshtomp;Water;Ground;;;0.875;0.125;70;85;70;60;70;50;Torrent;;Damp;0.7;28;Blue;mudkip;swampert;Monster;Water 1;16
283;260;swampert-mega;Swampert-Mega;Water;Ground;Swampert;Mega;0.875;0.125;100;150;110;95;110;70;Swift Swim;;;1.9;102;Blue;marshtomp;;Monster;Water 1;36
284;260;swampert;Swampert;Water;Ground;;;0.875;0.125;100;110;90;85;90;60;Torrent;;Damp;1.5;81.9;Blue;marshtomp;;Monster;Water 1;36
285;261;poochyena;Poochyena;Dark;;;;;;35;55;35;30;30;35;Run Away;Quick Feet;Rattled;0.5;13.6;Gray;;mightyena;Field;;
286;262;mightyena;Mightyena;Dark;;;;;;70;90;70;60;60;70;Intimidate;Quick Feet;Moxie;1;37;Gray;poochyena;;Field;;18
287;263;zigzagoon;Zigzagoon;Normal;;;;;;38;30;41;30;41;60;Pickup;Gluttony;Quick Feet;0.4;17.5;Brown;;linoone;Field;;
288;264;linoone;Linoone;Normal;;;;;;78;70;61;50;61;100;Pickup;Gluttony;Quick Feet;0.5;32.5;White;zigzagoon;;Field;;20
289;265;wurmple;Wurmple;Bug;;;;;;45;45;35;20;30;20;Shield Dust;;Run Away;0.3;3.6;Red;;;Bug;;
290;266;silcoon;Silcoon;Bug;;;;;;50;35;55;25;25;15;Shed Skin;;;0.6;10;White;wurmple;beautifly;Bug;;7
291;267;beautifly;Beautifly;Bug;Flying;;;;;60;70;50;100;50;65;Swarm;;Rivalry;1;28.4;Yellow;silcoon;;Bug;;10
292;268;cascoon;Cascoon;Bug;;;;;;50;35;55;25;25;15;Shed Skin;;;0.7;11.5;Purple;wurmple;dustox;Bug;;7
293;269;dustox;Dustox;Bug;Poison;;;;;60;50;70;50;90;65;Shield Dust;;Compound Eyes;1.2;31.6;Green;cascoon;;Bug;;10
294;270;lotad;Lotad;Water;Grass;;;;;40;30;30;40;50;30;Swift Swim;Rain Dish;Own Tempo;0.5;2.6;Green;;lombre;Water 1;Grass;
295;271;lombre;Lombre;Water;Grass;;;;;60;50;50;60;70;50;Swift Swim;Rain Dish;Own Tempo;1.2;32.5;Green;lotad;ludicolo;Water 1;Grass;14
296;272;ludicolo;Ludicolo;Water;Grass;;;;;80;70;70;90;100;70;Swift Swim;Rain Dish;Own Tempo;1.5;55;Green;lombre;;Water 1;Grass;14
297;273;seedot;Seedot;Grass;;;;;;40;40;50;30;30;30;Chlorophyll;Early Bird;Pickpocket;0.5;4;Brown;;nuzleaf;Field;Grass;
298;274;nuzleaf;Nuzleaf;Grass;Dark;;;;;70;70;40;60;40;60;Chlorophyll;Early Bird;Pickpocket;1;28;Brown;seedot;shiftry;Field;Grass;14
299;275;shiftry;Shiftry;Grass;Dark;;;;;90;100;60;90;60;80;Chlorophyll;Early Bird;Pickpocket;1.3;59.6;Brown;nuzleaf;;Field;Grass;14
300;276;taillow;Taillow;Normal;Flying;;;;;40;55;30;30;30;85;Guts;;Scrappy;0.3;2.3;Blue;;swellow;Flying;;
301;277;swellow;Swellow;Normal;Flying;;;;;60;85;60;50;50;125;Guts;;Scrappy;0.7;19.8;Blue;taillow;;Flying;;22
302;278;wingull;Wingull;Water;Flying;;;;;40;30;30;55;30;85;Keen Eye;;Rain Dish;0.6;9.5;White;;pelipper;Water 1;Flying;
303;279;pelipper;Pelipper;Water;Flying;;;;;60;50;100;85;70;65;Keen Eye;;Rain Dish;1.2;28;Yellow;wingull;;Water 1;Flying;25
304;280;ralts;Ralts;Psychic;Fairy;;;;;28;25;25;45;35;40;Synchronize;Trace;Telepathy;0.4;6.6;White;;kirlia;Amorphous;;
305;281;kirlia;Kirlia;Psychic;Fairy;;;;;38;35;35;65;55;50;Synchronize;Trace;Telepathy;0.8;20.2;White;ralts;;Amorphous;;20
306;282;gardevoir-mega;Gardevoir-Mega;Psychic;Fairy;Gardevoir;Mega;;;68;85;65;165;135;100;Pixilate;;;1.6;48.4;White;kirlia;;Amorphous;;30
307;282;gardevoir;Gardevoir;Psychic;Fairy;;;;;68;65;65;125;115;80;Synchronize;Trace;Telepathy;1.6;48.4;White;kirlia;;Amorphous;;30
308;283;surskit;Surskit;Bug;Water;;;;;40;30;32;50;52;65;Swift Swim;;Rain Dish;0.5;1.7;Blue;;masquerain;Water 1;Bug;
309;284;masquerain;Masquerain;Bug;Flying;;;;;70;60;62;80;82;60;Intimidate;;Unnerve;0.8;3.6;Blue;surskit;;Water 1;Bug;22
310;285;shroomish;Shroomish;Grass;;;;;;60;40;60;40;60;35;Effect Spore;Poison Heal;Quick Feet;0.4;4.5;Brown;;breloom;Fairy;Grass;
311;286;breloom;Breloom;Grass;Fighting;;;;;60;130;80;60;60;70;Effect Spore;Poison Heal;Technician;1.2;39.2;Green;shroomish;;Fairy;Grass;23
312;287;slakoth;Slakoth;Normal;;;;;;60;60;60;35;35;30;Truant;;;0.8;24;Brown;;vigoroth;Field;;
313;288;vigoroth;Vigoroth;Normal;;;;;;80;80;80;55;55;90;Vital Spirit;;;1.4;46.5;White;slakoth;slaking;Field;;18
314;289;slaking;Slaking;Normal;;;;;;150;160;100;95;65;100;Truant;;;2;130.5;Brown;vigoroth;;Field;;36
315;290;nincada;Nincada;Bug;Ground;;;;;31;45;90;30;30;40;Compound Eyes;;Run Away;0.5;5.5;Gray;;;Bug;;
316;291;ninjask;Ninjask;Bug;Flying;;;;;61;90;45;50;50;160;Speed Boost;;Infiltrator;0.8;12;Yellow;nincada;;Bug;;20
317;292;shedinja;Shedinja;Bug;Ghost;;;;;1;90;45;30;30;40;Wonder Guard;;;0.8;1.2;Brown;nincada;;Mineral;;20
318;293;whismur;Whismur;Normal;;;;;;64;51;23;51;23;28;Soundproof;;Rattled;0.6;16.3;Pink;;loudred;Monster;Field;
319;294;loudred;Loudred;Normal;;;;;;84;71;43;71;43;48;Soundproof;;Scrappy;1;40.5;Blue;whismur;exploud;Monster;Field;20
320;295;exploud;Exploud;Normal;;;;;;104;91;63;91;73;68;Soundproof;;Scrappy;1.5;84;Blue;loudred;;Monster;Field;40
321;296;makuhita;Makuhita;Fighting;;;;0.75;0.25;72;60;30;20;30;25;Thick Fat;Guts;Sheer Force;1;86.4;Yellow;;hariyama;Human-Like;;
322;297;hariyama;Hariyama;Fighting;;;;0.75;0.25;144;120;60;40;60;50;Thick Fat;Guts;Sheer Force;2.3;253.8;Brown;makuhita;;Human-Like;;24
323;298;azurill;Azurill;Normal;Fairy;;;0.25;0.75;50;20;40;20;40;20;Thick Fat;Huge Power;Sap Sipper;0.2;2;Blue;;marill;Undiscovered;;
324;299;nosepass;Nosepass;Rock;;;;;;30;45;135;45;90;30;Sturdy;Magnet Pull;Sand Force;1;97;Gray;;probopass;Mineral;;
325;300;skitty;Skitty;Normal;;;;0.25;0.75;50;45;45;35;35;50;Cute Charm;Normalize;Wonder Skin;0.6;11;Pink;;delcatty;Field;Fairy;
326;301;delcatty;Delcatty;Normal;;;;0.25;0.75;70;65;65;55;55;70;Cute Charm;Normalize;Wonder Skin;1.1;32.6;Purple;skitty;;Field;Fairy;1
327;302;sableye-mega;Sableye-Mega;Dark;Ghost;Sableye;Mega;;;50;85;125;85;115;20;Magic Bounce;;;0.5;161;Purple;;;Human-Like;;
328;302;sableye;Sableye;Dark;Ghost;;;;;50;75;75;65;65;50;Keen Eye;Stall;Prankster;0.5;11;Purple;;;Human-Like;;
329;303;mawile-mega;Mawile-Mega;Steel;Fairy;Mawile;Mega;;;50;105;125;55;95;50;Huge Power;;;1;23.5;Black;;;Field;Fairy;
330;303;mawile;Mawile;Steel;Fairy;;;;;50;85;85;55;55;50;Hyper Cutter;Intimidate;Sheer Force;0.6;11.5;Black;;;Field;Fairy;
331;304;aron;Aron;Steel;Rock;;;;;50;70;100;40;40;30;Sturdy;Rock Head;Heavy Metal;0.4;60;Gray;;lairon;Monster;;
332;305;lairon;Lairon;Steel;Rock;;;;;60;90;140;50;50;40;Sturdy;Rock Head;Heavy Metal;0.9;120;Gray;aron;aggron;Monster;;32
333;306;aggron-mega;Aggron-Mega;Steel;;Aggron;Mega;;;70;140;230;60;80;50;Filter;;;2.2;395;Gray;lairon;;Monster;;42
334;306;aggron;Aggron;Steel;Rock;;;;;70;110;180;60;60;50;Sturdy;Rock Head;Heavy Metal;2.1;360;Gray;lairon;;Monster;;42
335;307;meditite;Meditite;Fighting;Psychic;;;;;30;40;55;40;55;60;Pure Power;;Telepathy;0.6;11.2;Blue;;medicham;Human-Like;;
336;308;medicham-mega;Medicham-Mega;Fighting;Psychic;Medicham;Mega;;;60;100;85;80;85;100;Pure Power;;;1.3;31.5;Red;meditite;;Human-Like;;37
337;308;medicham;Medicham;Fighting;Psychic;;;;;60;60;75;60;75;80;Pure Power;;Telepathy;1.3;31.5;Red;meditite;;Human-Like;;37
338;309;electrike;Electrike;Electric;;;;;;40;45;40;65;40;65;Static;Lightning Rod;Minus;0.6;15.2;Green;;manectric;Field;;
339;310;manectric-mega;Manectric-Mega;Electric;;Manectric;Mega;;;70;75;80;135;80;135;Intimidate;;;1.8;44;Yellow;electrike;;Field;;26
340;310;manectric;Manectric;Electric;;;;;;70;75;60;105;60;105;Static;Lightning Rod;Minus;1.5;40.2;Yellow;electrike;;Field;;26
341;311;plusle;Plusle;Electric;;;;;;60;50;40;85;75;95;Plus;;Lightning Rod;0.4;4.2;Yellow;;;Fairy;;
342;312;minun;Minun;Electric;;;;;;60;40;50;75;85;95;Minus;;Volt Absorb;0.4;4.2;Yellow;;;Fairy;;
343;313;volbeat;Volbeat;Bug;;;;;;65;73;55;47;75;85;Illuminate;Swarm;Prankster;0.7;17.7;Gray;;;Bug;Human-Like;
344;314;illumise;Illumise;Bug;;;;;;65;47;55;73;75;85;Oblivious;Tinted Lens;Prankster;0.6;17.7;Purple;;;Bug;Human-Like;
345;315;roselia;Roselia;Grass;Poison;;;;;50;60;45;100;80;65;Natural Cure;Poison Point;Leaf Guard;0.3;2;Green;budew;roserade;Fairy;Grass;1
346;316;gulpin;Gulpin;Poison;;;;;;70;43;53;43;53;40;Liquid Ooze;Sticky Hold;Gluttony;0.4;10.3;Green;;swalot;Amorphous;;
347;317;swalot;Swalot;Poison;;;;;;100;73;83;73;83;55;Liquid Ooze;Sticky Hold;Gluttony;1.7;80;Purple;gulpin;;Amorphous;;26
348;318;carvanha;Carvanha;Water;Dark;;;;;45;90;20;65;20;65;Rough Skin;;Speed Boost;0.8;20.8;Red;;sharpedo;Water 2;;
349;319;sharpedo-mega;Sharpedo-Mega;Water;Dark;Sharpedo;Mega;;;70;140;70;110;65;105;Strong Jaw;;;2.5;130.3;Blue;carvanha;;Water 2;;30
350;319;sharpedo;Sharpedo;Water;Dark;;;;;70;120;40;95;40;95;Rough Skin;;Speed Boost;1.8;88.8;Blue;carvanha;;Water 2;;30
351;320;wailmer;Wailmer;Water;;;;;;130;70;35;70;35;60;Water Veil;Oblivious;Pressure;2;130;Blue;;wailord;Field;Water 2;
352;321;wailord;Wailord;Water;;;;;;170;90;45;90;45;60;Water Veil;Oblivious;Pressure;14.5;398;Blue;wailmer;;Field;Water 2;40
353;322;numel;Numel;Fire;Ground;;;;;60;60;40;65;45;35;Oblivious;Simple;Own Tempo;0.7;24;Yellow;;camerupt;Field;;
354;323;camerupt-mega;Camerupt-Mega;Fire;Ground;Camerupt;Mega;;;70;120;100;145;105;20;Sheer Force;;;2.5;320.5;Red;numel;;Field;;33
355;323;camerupt;Camerupt;Fire;Ground;;;;;70;100;70;105;75;40;Magma Armor;Solid Rock;Anger Point;1.9;220;Red;numel;;Field;;33
356;324;torkoal;Torkoal;Fire;;;;;;70;85;140;85;70;20;White Smoke;;Shell Armor;0.5;80.4;Brown;;;Field;;
357;325;spoink;Spoink;Psychic;;;;;;60;25;35;70;80;60;Thick Fat;Own Tempo;Gluttony;0.7;30.6;Black;;grumpig;Field;;
358;326;grumpig;Grumpig;Psychic;;;;;;80;45;65;90;110;80;Thick Fat;Own Tempo;Gluttony;0.9;71.5;Purple;spoink;;Field;;32
359;327;spinda;Spinda;Normal;;;;;;60;60;60;60;60;60;Own Tempo;Tangled Feet;Contrary;1.1;5;Brown;;;Field;Human-Like;
360;328;trapinch;Trapinch;Ground;;;;;;45;100;45;45;45;10;Hyper Cutter;Arena Trap;Sheer Force;0.7;15;Brown;;vibrava;Bug;;
361;329;vibrava;Vibrava;Ground;Dragon;;;;;50;70;50;50;50;70;Levitate;;;1.1;15.3;Green;trapinch;flygon;Bug;;35
362;330;flygon;Flygon;Ground;Dragon;;;;;80;100;80;80;80;100;Levitate;;;2;82;Green;vibrava;;Bug;;45
363;331;cacnea;Cacnea;Grass;;;;;;50;85;40;85;40;35;Sand Veil;;Water Absorb;0.4;51.3;Green;;cacturne;Grass;Human-Like;
364;332;cacturne;Cacturne;Grass;Dark;;;;;70;115;60;115;60;55;Sand Veil;;Water Absorb;1.3;77.4;Green;cacnea;;Grass;Human-Like;32
365;333;swablu;Swablu;Normal;Flying;;;;;45;40;60;40;75;50;Natural Cure;;Cloud Nine;0.4;1.2;Blue;;altaria;Flying;Dragon;
366;334;altaria-mega;Altaria-Mega;Dragon;Fairy;Altaria;Mega;;;75;110;110;110;105;80;Pixilate;;;1.5;20.6;Blue;swablu;;Flying;Dragon;35
367;334;altaria;Altaria;Dragon;Flying;;;;;75;70;90;70;105;80;Natural Cure;;Cloud Nine;1.1;20.6;Blue;swablu;;Flying;Dragon;35
368;335;zangoose;Zangoose;Normal;;;;;;73;115;60;60;60;90;Immunity;;Toxic Boost;1.3;40.3;White;;;Field;;
369;336;seviper;Seviper;Poison;;;;;;73;100;60;100;60;65;Shed Skin;;Infiltrator;2.7;52.5;Black;;;Field;Dragon;
370;337;lunatone;Lunatone;Rock;Psychic;;;;;70;55;65;95;85;70;Levitate;;;1;168;Yellow;;;Mineral;;
371;338;solrock;Solrock;Rock;Psychic;;;;;70;95;85;55;65;70;Levitate;;;1.2;154;Red;;;Mineral;;
372;339;barboach;Barboach;Water;Ground;;;;;50;48;43;46;41;60;Oblivious;Anticipation;Hydration;0.4;1.9;Gray;;whiscash;Water 2;;
373;340;whiscash;Whiscash;Water;Ground;;;;;110;78;73;76;71;60;Oblivious;Anticipation;Hydration;0.9;23.6;Blue;barboach;;Water 2;;30
374;341;corphish;Corphish;Water;;;;;;43;80;65;50;35;35;Hyper Cutter;Shell Armor;Adaptability;0.6;11.5;Red;;crawdaunt;Water 1;Water 3;
375;342;crawdaunt;Crawdaunt;Water;Dark;;;;;63;120;85;90;55;55;Hyper Cutter;Shell Armor;Adaptability;1.1;32.8;Red;corphish;;Water 1;Water 3;30
376;343;baltoy;Baltoy;Ground;Psychic;;;;;40;40;55;40;70;55;Levitate;;;0.5;21.5;Brown;;claydol;Mineral;;
377;344;claydol;Claydol;Ground;Psychic;;;;;60;70;105;70;120;75;Levitate;;;1.5;108;Black;baltoy;;Mineral;;36
378;345;lileep;Lileep;Rock;Grass;;;0.875;0.125;66;41;77;61;87;23;Suction Cups;;Storm Drain;1;23.8;Purple;;cradily;Water 3;;
379;346;cradily;Cradily;Rock;Grass;;;0.875;0.125;86;81;97;81;107;43;Suction Cups;;Storm Drain;1.5;60.4;Green;lileep;;Water 3;;40
380;347;anorith;Anorith;Rock;Bug;;;0.875;0.125;45;95;50;40;50;75;Battle Armor;;Swift Swim;0.7;12.5;Gray;;armaldo;Water 3;;
381;348;armaldo;Armaldo;Rock;Bug;;;0.875;0.125;75;125;100;70;80;45;Battle Armor;;Swift Swim;1.5;68.2;Gray;anorith;;Water 3;;40
382;349;feebas;Feebas;Water;;;;;;20;15;20;10;55;80;Swift Swim;Oblivious;Adaptability;0.6;7.4;Brown;;milotic;Water 1;Dragon;
383;350;milotic;Milotic;Water;;;;;;95;60;79;100;125;81;Marvel Scale;Competitive;Cute Charm;6.2;162;Pink;feebas;;Water 1;Dragon;1
384;351;castform-rainy;Castform-Rainy;Water;;Castform;Rainy;;;70;70;70;70;70;70;Forecast;;;0.3;0.8;White;;;Fairy;Amorphous;
385;351;castform-sunny;Castform-Sunny;Fire;;Castform;Sunny;;;70;70;70;70;70;70;Forecast;;;0.3;0.8;White;;;Fairy;Amorphous;
386;351;castform-snowy;Castform-Snowy;Ice;;Castform;Snowy;;;70;70;70;70;70;70;Forecast;;;0.3;0.8;White;;;Fairy;Amorphous;
387;351;castform;Castform;Normal;;;;;;70;70;70;70;70;70;Forecast;;;0.3;0.8;White;;;Fairy;Amorphous;
388;352;kecleon;Kecleon;Normal;;;;;;60;90;70;60;120;40;Color Change;;Protean;1;22;Green;;;Field;;
389;353;shuppet;Shuppet;Ghost;;;;;;44;75;35;63;33;45;Insomnia;Frisk;Cursed Body;0.6;2.3;Black;;banette;Amorphous;;
390;354;banette-mega;Banette-Mega;Ghost;;Banette;Mega;;;64;165;75;93;83;75;Prankster;;;1.2;13;Black;shuppet;;Amorphous;;37
391;354;banette;Banette;Ghost;;;;;;64;115;65;83;63;65;Insomnia;Frisk;Cursed Body;1.1;12.5;Black;shuppet;;Amorphous;;37
392;355;duskull;Duskull;Ghost;;;;;;20;40;90;30;90;25;Levitate;;Frisk;0.8;15;Black;;dusclops;Amorphous;;
393;356;dusclops;Dusclops;Ghost;;;;;;40;70;130;60;130;25;Pressure;;Frisk;1.6;30.6;Black;duskull;dusknoir;Amorphous;;37
394;357;tropius;Tropius;Grass;Flying;;;;;99;68;83;72;87;51;Chlorophyll;Solar Power;Harvest;2;100;Green;;;Monster;Grass;
395;358;chimecho;Chimecho;Psychic;;;;;;65;50;70;95;80;65;Levitate;;;0.6;1;Blue;chingling;;Amorphous;;1
396;359;absol-mega;Absol-Mega;Dark;;Absol;Mega;;;65;150;60;115;60;115;Magic Bounce;;;1.2;49;White;;;Field;;
397;359;absol;Absol;Dark;;;;;;65;130;60;75;60;75;Pressure;Super Luck;Justified;1.2;47;White;;;Field;;
398;360;wynaut;Wynaut;Psychic;;;;;;95;23;48;23;48;23;Shadow Tag;;Telepathy;0.6;14;Blue;;wobbuffet;Undiscovered;;
399;361;snorunt;Snorunt;Ice;;;;;;50;50;50;50;50;50;Inner Focus;Ice Body;Moody;0.7;16.8;Gray;;;Fairy;Mineral;
400;362;glalie-mega;Glalie-Mega;Ice;;Glalie;Mega;;;80;120;80;120;80;100;Refrigerate;;;2.1;350.2;Gray;snorunt;;Fairy;Mineral;42
401;362;glalie;Glalie;Ice;;;;;;80;80;80;80;80;80;Inner Focus;Ice Body;Moody;1.5;256.5;Gray;snorunt;;Fairy;Mineral;42
402;363;spheal;Spheal;Ice;Water;;;;;70;40;50;55;50;25;Thick Fat;Ice Body;Oblivious;0.8;39.5;Blue;;sealeo;Water 1;Field;
403;364;sealeo;Sealeo;Ice;Water;;;;;90;60;70;75;70;45;Thick Fat;Ice Body;Oblivious;1.1;87.6;Blue;spheal;walrein;Water 1;Field;32
404;365;walrein;Walrein;Ice;Water;;;;;110;80;90;95;90;65;Thick Fat;Ice Body;Oblivious;1.4;150.6;Blue;sealeo;;Water 1;Field;44
405;366;clamperl;Clamperl;Water;;;;;;35;64;85;74;55;32;Shell Armor;;Rattled;0.4;52.5;Blue;;;Water 1;;
406;367;huntail;Huntail;Water;;;;;;55;104;105;94;75;52;Swift Swim;;Water Veil;1.7;27;Blue;clamperl;;Water 1;;1
407;368;gorebyss;Gorebyss;Water;;;;;;55;84;105;114;75;52;Swift Swim;;Hydration;1.8;22.6;Pink;clamperl;;Water 1;;1
408;369;relicanth;Relicanth;Water;Rock;;;0.875;0.125;100;90;130;45;65;55;Swift Swim;Rock Head;Sturdy;1;23.4;Gray;;;Water 1;Water 2;
409;370;luvdisc;Luvdisc;Water;;;;0.25;0.75;43;30;55;40;65;97;Swift Swim;;Hydration;0.6;8.7;Pink;;;Water 2;;
410;371;bagon;Bagon;Dragon;;;;;;45;75;60;40;30;50;Rock Head;;Sheer Force;0.6;42.1;Blue;;shelgon;Dragon;;
411;372;shelgon;Shelgon;Dragon;;;;;;65;95;100;60;50;50;Rock Head;;Overcoat;1.1;110.5;White;bagon;salamence;Dragon;;30
412;373;salamence-mega;Salamence-Mega;Dragon;Flying;Salamence;Mega;;;95;145;130;120;90;120;Aerilate;;;1.8;112.6;Blue;shelgon;;Dragon;;50
413;373;salamence;Salamence;Dragon;Flying;;;;;95;135;80;110;80;100;Intimidate;;Moxie;1.5;102.6;Blue;shelgon;;Dragon;;50
414;374;beldum;Beldum;Steel;Psychic;;;;;40;55;80;35;60;30;Clear Body;;Light Metal;0.6;95.2;Blue;;metang;Mineral;;
415;375;metang;Metang;Steel;Psychic;;;;;60;75;100;55;80;50;Clear Body;;Light Metal;1.2;202.5;Blue;beldum;metagross;Mineral;;20
416;376;metagross-mega;Metagross-Mega;Steel;Psychic;Metagross;Mega;;;80;145;150;105;110;110;Tough Claws;;;2.5;942.9;Blue;metang;;Mineral;;45
417;376;metagross;Metagross;Steel;Psychic;;;;;80;135;130;95;90;70;Clear Body;;Light Metal;1.6;550;Blue;metang;;Mineral;;45
418;377;regirock;Regirock;Rock;;;;;;80;100;200;50;100;50;Clear Body;;Sturdy;1.7;230;Brown;;;Undiscovered;;
419;378;regice;Regice;Ice;;;;;;80;50;100;100;200;50;Clear Body;;Ice Body;1.8;175;Blue;;;Undiscovered;;
420;379;registeel;Registeel;Steel;;;;;;80;75;150;75;150;50;Clear Body;;Light Metal;1.9;205;Gray;;;Undiscovered;;
421;380;latias-mega;Latias-Mega;Dragon;Psychic;Latias;Mega;;;80;100;120;140;150;110;Levitate;;;1.8;52;Red;;;Undiscovered;;
422;380;latias;Latias;Dragon;Psychic;;;;;80;80;90;110;130;110;Levitate;;;1.4;40;Red;;;Undiscovered;;
423;381;latios-mega;Latios-Mega;Dragon;Psychic;Latios;Mega;;;80;130;100;160;120;110;Levitate;;;2.3;70;Blue;;;Undiscovered;;
424;381;latios;Latios;Dragon;Psychic;;;;;80;90;80;130;110;110;Levitate;;;2;60;Blue;;;Undiscovered;;
425;382;kyogre-primal;Kyogre-Primal;Water;;Kyogre;Primal;;;100;150;90;180;160;90;Primordial Sea;;;9.8;430;Blue;;;Undiscovered;;
426;382;kyogre;Kyogre;Water;;;;;;100;100;90;150;140;90;Drizzle;;;4.5;352;Blue;;;Undiscovered;;
427;383;groudon-primal;Groudon-Primal;Ground;Fire;Groudon;Primal;;;100;180;160;150;90;90;Desolate Land;;;5;999.7;Red;;;Undiscovered;;
428;383;groudon;Groudon;Ground;;;;;;100;150;140;100;90;90;Drought;;;3.5;950;Red;;;Undiscovered;;
429;384;rayquaza-mega;Rayquaza-Mega;Dragon;Flying;Rayquaza;Mega;;;105;180;100;180;100;115;Delta Stream;;;10.8;392;Green;;;Undiscovered;;
430;384;rayquaza;Rayquaza;Dragon;Flying;;;;;105;150;90;150;90;95;Air Lock;;;7;206.5;Green;;;Undiscovered;;
431;385;jirachi;Jirachi;Steel;Psychic;;;;;100;100;100;100;100;100;Serene Grace;;;0.3;1.1;Yellow;;;Undiscovered;;
432;386;deoxys-attack;Deoxys-Attack;Psychic;;Deoxys;Attack;;;50;180;20;180;20;150;Pressure;;;1.7;60.8;Red;;;Undiscovered;;
433;386;deoxys-defense;Deoxys-Defense;Psychic;;Deoxys;Defense;;;50;70;160;70;160;90;Pressure;;;1.7;60.8;Red;;;Undiscovered;;
434;386;deoxys-speed;Deoxys-Speed;Psychic;;Deoxys;Speed;;;50;95;90;95;90;180;Pressure;;;1.7;60.8;Red;;;Undiscovered;;
435;386;deoxys;Deoxys;Psychic;;;;;;50;150;50;150;50;150;Pressure;;;1.7;60.8;Red;;;Undiscovered;;
436;387;turtwig;Turtwig;Grass;;;;0.875;0.125;55;68;64;45;55;31;Overgrow;;Shell Armor;0.4;10.2;Green;;grotle;Monster;Grass;
437;388;grotle;Grotle;Grass;;;;0.875;0.125;75;89;85;55;65;36;Overgrow;;Shell Armor;1.1;97;Green;turtwig;torterra;Monster;Grass;18
438;389;torterra;Torterra;Grass;Ground;;;0.875;0.125;95;109;105;75;85;56;Overgrow;;Shell Armor;2.2;310;Green;grotle;;Monster;Grass;32
439;390;chimchar;Chimchar;Fire;;;;0.875;0.125;44;58;44;58;44;61;Blaze;;Iron Fist;0.5;6.2;Brown;;monferno;Field;Human-Like;
440;391;monferno;Monferno;Fire;Fighting;;;0.875;0.125;64;78;52;78;52;81;Blaze;;Iron Fist;0.9;22;Brown;chimchar;infernape;Field;Human-Like;14
441;392;infernape;Infernape;Fire;Fighting;;;0.875;0.125;76;104;71;104;71;108;Blaze;;Iron Fist;1.2;55;Brown;monferno;;Field;Human-Like;36
442;393;piplup;Piplup;Water;;;;0.875;0.125;53;51;53;61;56;40;Torrent;;Defiant;0.4;5.2;Blue;;prinplup;Water 1;Field;
443;394;prinplup;Prinplup;Water;;;;0.875;0.125;64;66;68;81;76;50;Torrent;;Defiant;0.8;23;Blue;piplup;empoleon;Water 1;Field;16
444;395;empoleon;Empoleon;Water;Steel;;;0.875;0.125;84;86;88;111;101;60;Torrent;;Defiant;1.7;84.5;Blue;prinplup;;Water 1;Field;36
445;396;starly;Starly;Normal;Flying;;;;;40;55;30;30;30;60;Keen Eye;;Reckless;0.3;2;Brown;;staravia;Flying;;
446;397;staravia;Staravia;Normal;Flying;;;;;55;75;50;40;40;80;Intimidate;;Reckless;0.6;15.5;Brown;starly;staraptor;Flying;;14
447;398;staraptor;Staraptor;Normal;Flying;;;;;85;120;70;50;60;100;Intimidate;;Reckless;1.2;24.9;Brown;staravia;;Flying;;34
448;399;bidoof;Bidoof;Normal;;;;;;59;45;40;35;40;31;Simple;Unaware;Moody;0.5;20;Brown;;bibarel;Water 1;Field;
449;400;bibarel;Bibarel;Normal;Water;;;;;79;85;60;55;60;71;Simple;Unaware;Moody;1;31.5;Brown;bidoof;;Water 1;Field;15
450;401;kricketot;Kricketot;Bug;;;;;;37;25;41;25;41;25;Shed Skin;;Run Away;0.3;2.2;Red;;kricketune;Bug;;
451;402;kricketune;Kricketune;Bug;;;;;;77;85;51;55;51;65;Swarm;;Technician;1;25.5;Red;kricketot;;Bug;;10
452;403;shinx;Shinx;Electric;;;;;;45;65;34;40;34;45;Rivalry;Intimidate;Guts;0.5;9.5;Blue;;luxio;Field;;
453;404;luxio;Luxio;Electric;;;;;;60;85;49;60;49;60;Rivalry;Intimidate;Guts;0.9;30.5;Blue;shinx;luxray;Field;;15
454;405;luxray;Luxray;Electric;;;;;;80;120;79;95;79;70;Rivalry;Intimidate;Guts;1.4;42;Blue;luxio;;Field;;30
455;406;budew;Budew;Grass;Poison;;;;;40;30;35;50;70;55;Natural Cure;Poison Point;Leaf Guard;0.2;1.2;Green;;roselia;Undiscovered;;
456;407;roserade;Roserade;Grass;Poison;;;;;60;70;65;125;105;90;Natural Cure;Poison Point;Technician;0.9;14.5;Green;roselia;;Fairy;Grass;1
457;408;cranidos;Cranidos;Rock;;;;0.875;0.125;67;125;40;30;30;58;Mold Breaker;;Sheer Force;0.9;31.5;Blue;;rampardos;Monster;;
458;409;rampardos;Rampardos;Rock;;;;0.875;0.125;97;165;60;65;50;58;Mold Breaker;;Sheer Force;1.6;102.5;Blue;cranidos;;Monster;;30
459;410;shieldon;Shieldon;Rock;Steel;;;0.875;0.125;30;42;118;42;88;30;Sturdy;;Soundproof;0.5;57;Gray;;bastiodon;Monster;;
460;411;bastiodon;Bastiodon;Rock;Steel;;;0.875;0.125;60;52;168;47;138;30;Sturdy;;Soundproof;1.3;149.5;Gray;shieldon;;Monster;;30
461;412;burmy;Burmy;Bug;;;;;;40;29;45;29;45;36;Shed Skin;;Overcoat;0.2;3.4;Gray;;;Bug;;
462;413;wormadam-sandy;Wormadam-Sandy;Bug;Ground;Wormadam;Sandy;;;60;79;105;59;85;36;Anticipation;;Overcoat;0.5;6.5;Gray;burmy;;Bug;;20
463;413;wormadam-trash;Wormadam-Trash;Bug;Steel;Wormadam;Trash;;;60;69;95;69;95;36;Anticipation;;Overcoat;0.5;6.5;Gray;burmy;;Bug;;20
464;413;wormadam;Wormadam;Bug;Grass;;;;;60;59;85;79;105;36;Anticipation;;Overcoat;0.5;6.5;Gray;burmy;;Bug;;20
465;414;mothim;Mothim;Bug;Flying;;;;;70;94;50;94;50;66;Swarm;;Tinted Lens;0.9;23.3;Yellow;burmy;;Bug;;20
466;415;combee;Combee;Bug;Flying;;;0.875;0.125;30;30;42;30;42;70;Honey Gather;;Hustle;0.3;5.5;Yellow;;vespiquen;Bug;;
467;416;vespiquen;Vespiquen;Bug;Flying;;;;;70;80;102;80;102;40;Pressure;;Unnerve;1.2;38.5;Yellow;combee;;Bug;;21
468;417;pachirisu;Pachirisu;Electric;;;;;;60;45;70;45;90;95;Run Away;Pickup;Volt Absorb;0.4;3.9;White;;;Field;Fairy;
469;418;buizel;Buizel;Water;;;;;;55;65;35;60;30;85;Swift Swim;;Water Veil;0.7;29.5;Brown;;floatzel;Water 1;Field;
470;419;floatzel;Floatzel;Water;;;;;;85;105;55;85;50;115;Swift Swim;;Water Veil;1.1;33.5;Brown;buizel;;Water 1;Field;26
471;420;cherubi;Cherubi;Grass;;;;;;45;35;45;62;53;35;Chlorophyll;;;0.4;3.3;Pink;;cherrim;Fairy;Grass;
472;421;cherrim-sunshine;Cherrim-Sunshine;Grass;;Cherrim;Sunshine;;;70;60;70;87;78;85;Flower Gift;;;0.5;9.3;Pink;cherubi;;Fairy;Grass;25
473;421;cherrim;Cherrim;Grass;;;;;;70;60;70;87;78;85;Flower Gift;;;0.5;9.3;Pink;cherubi;;Fairy;Grass;25
474;422;shellos;Shellos;Water;;;;;;76;48;48;57;62;34;Sticky Hold;Storm Drain;Sand Force;0.3;6.3;Purple;;gastrodon;Water 1;Amorphous;
475;423;gastrodon;Gastrodon;Water;Ground;;;;;111;83;68;92;82;39;Sticky Hold;Storm Drain;Sand Force;0.9;29.9;Purple;shellos;;Water 1;Amorphous;30
476;424;ambipom;Ambipom;Normal;;;;;;75;100;66;60;66;115;Technician;Pickup;Skill Link;1.2;20.3;Purple;aipom;;Field;;2
477;425;drifloon;Drifloon;Ghost;Flying;;;;;90;50;34;60;44;70;Aftermath;Unburden;Flare Boost;0.4;1.2;Purple;;drifblim;Amorphous;;
478;426;drifblim;Drifblim;Ghost;Flying;;;;;150;80;44;90;54;80;Aftermath;Unburden;Flare Boost;1.2;15;Purple;drifloon;;Amorphous;;28
479;427;buneary;Buneary;Normal;;;;;;55;66;44;44;56;85;Run Away;Klutz;Limber;0.4;5.5;Brown;;lopunny;Field;Human-Like;
480;428;lopunny-mega;Lopunny-Mega;Normal;Fighting;Lopunny;Mega;;;65;136;94;54;96;135;Scrappy;;;1.3;28.3;Brown;buneary;;Field;Human-Like;2
481;428;lopunny;Lopunny;Normal;;;;;;65;76;84;54;96;105;Cute Charm;Klutz;Limber;1.2;33.3;Brown;buneary;;Field;Human-Like;2
482;429;mismagius;Mismagius;Ghost;;;;;;60;60;60;105;105;105;Levitate;;;0.9;4.4;Purple;misdreavus;;Amorphous;;1
483;430;honchkrow;Honchkrow;Dark;Flying;;;;;100;125;52;105;52;71;Insomnia;Super Luck;Moxie;0.9;27.3;Black;murkrow;;Flying;;1
484;431;glameow;Glameow;Normal;;;;0.25;0.75;49;55;42;42;37;85;Limber;Own Tempo;Keen Eye;0.5;3.9;Gray;;purugly;Field;;
485;432;purugly;Purugly;Normal;;;;0.25;0.75;71;82;64;64;59;112;Thick Fat;Own Tempo;Defiant;1;43.8;Gray;glameow;;Field;;38
486;433;chingling;Chingling;Psychic;;;;;;45;30;50;65;50;45;Levitate;;;0.2;0.6;Yellow;;chimecho;Undiscovered;;
487;434;stunky;Stunky;Poison;Dark;;;;;63;63;47;41;41;74;Stench;Aftermath;Keen Eye;0.4;19.2;Purple;;skuntank;Field;;
488;435;skuntank;Skuntank;Poison;Dark;;;;;103;93;67;71;61;84;Stench;Aftermath;Keen Eye;1;38;Purple;stunky;;Field;;34
489;436;bronzor;Bronzor;Steel;Psychic;;;;;57;24;86;24;86;23;Levitate;Heatproof;Heavy Metal;0.5;60.5;Green;;bronzong;Mineral;;
490;437;bronzong;Bronzong;Steel;Psychic;;;;;67;89;116;79;116;33;Levitate;Heatproof;Heavy Metal;1.3;187;Green;bronzor;;Mineral;;33
491;438;bonsly;Bonsly;Rock;;;;;;50;80;95;10;45;10;Sturdy;Rock Head;Rattled;0.5;15;Brown;;sudowoodo;Undiscovered;;
492;439;mimejr;Mime Jr.;Psychic;Fairy;;;;;20;25;45;70;90;60;Soundproof;Filter;Technician;0.6;13;Pink;;mrmime;Undiscovered;;
493;440;happiny;Happiny;Normal;;;;;;100;5;5;15;65;30;Natural Cure;Serene Grace;Friend Guard;0.6;24.4;Pink;;chansey;Undiscovered;;
494;441;chatot;Chatot;Normal;Flying;;;;;76;65;45;92;42;91;Keen Eye;Tangled Feet;Big Pecks;0.5;1.9;Black;;;Flying;;
495;442;spiritomb;Spiritomb;Ghost;Dark;;;;;50;92;108;92;108;35;Pressure;;Infiltrator;1;108;Purple;;;Amorphous;;
496;443;gible;Gible;Dragon;Ground;;;;;58;70;45;40;45;42;Sand Veil;;Rough Skin;0.7;20.5;Blue;;gabite;Monster;Dragon;
497;444;gabite;Gabite;Dragon;Ground;;;;;68;90;65;50;55;82;Sand Veil;;Rough Skin;1.4;56;Blue;gible;garchomp;Monster;Dragon;24
498;445;garchomp-mega;Garchomp-Mega;Dragon;Ground;Garchomp;Mega;;;108;170;115;120;95;92;Sand Force;;;1.9;95;Blue;gabite;;Monster;Dragon;48
499;445;garchomp;Garchomp;Dragon;Ground;;;;;108;130;95;80;85;102;Sand Veil;;Rough Skin;1.9;95;Blue;gabite;;Monster;Dragon;48
500;446;munchlax;Munchlax;Normal;;;;0.875;0.125;135;85;40;40;85;5;Pickup;Thick Fat;Gluttony;0.6;105;Black;;snorlax;Undiscovered;;
501;447;riolu;Riolu;Fighting;;;;0.875;0.125;40;70;40;35;40;60;Steadfast;Inner Focus;Prankster;0.7;20.2;Blue;;lucario;Undiscovered;;
502;448;lucario-mega;Lucario-Mega;Fighting;Steel;Lucario;Mega;0.875;0.125;70;145;88;140;70;112;Adaptability;;;1.3;57.5;Blue;riolu;;Field;Human-Like;2
503;448;lucario;Lucario;Fighting;Steel;;;0.875;0.125;70;110;70;115;70;90;Steadfast;Inner Focus;Justified;1.2;54;Blue;riolu;;Field;Human-Like;2
504;449;hippopotas;Hippopotas;Ground;;;;;;68;72;78;38;42;32;Sand Stream;;Sand Force;0.8;49.5;Brown;;hippowdon;Field;;
505;450;hippowdon;Hippowdon;Ground;;;;;;108;112;118;68;72;47;Sand Stream;;Sand Force;2;300;Brown;hippopotas;;Field;;34
506;451;skorupi;Skorupi;Poison;Bug;;;;;40;50;90;30;55;65;Battle Armor;Sniper;Keen Eye;0.8;12;Purple;;drapion;Bug;Water 3;
507;452;drapion;Drapion;Poison;Dark;;;;;70;90;110;60;75;95;Battle Armor;Sniper;Keen Eye;1.3;61.5;Purple;skorupi;;Bug;Water 3;40
508;453;croagunk;Croagunk;Poison;Fighting;;;;;48;61;40;61;40;50;Anticipation;Dry Skin;Poison Touch;0.7;23;Blue;;toxicroak;Human-Like;;
509;454;toxicroak;Toxicroak;Poison;Fighting;;;;;83;106;65;86;65;85;Anticipation;Dry Skin;Poison Touch;1.3;44.4;Blue;croagunk;;Human-Like;;37
510;455;carnivine;Carnivine;Grass;;;;;;74;100;72;90;72;46;Levitate;;;1.4;27;Green;;;Grass;;
511;456;finneon;Finneon;Water;;;;;;49;49;56;49;61;66;Swift Swim;Storm Drain;Water Veil;0.4;7;Blue;;lumineon;Water 2;;
512;457;lumineon;Lumineon;Water;;;;;;69;69;76;69;86;91;Swift Swim;Storm Drain;Water Veil;1.2;24;Blue;finneon;;Water 2;;31
513;458;mantyke;Mantyke;Water;Flying;;;;;45;20;50;60;120;50;Swift Swim;Water Absorb;Water Veil;1;65;Blue;;mantine;Undiscovered;;
514;459;snover;Snover;Grass;Ice;;;;;60;62;50;62;60;40;Snow Warning;;Soundproof;1;50.5;White;;abomasnow;Monster;Grass;
515;460;abomasnow-mega;Abomasnow-Mega;Grass;Ice;Abomasnow;Mega;;;90;132;105;132;105;30;Snow Warning;;;2.7;185;White;snover;;Monster;Grass;40
516;460;abomasnow;Abomasnow;Grass;Ice;;;;;90;92;75;92;85;60;Snow Warning;;Soundproof;2.2;135.5;White;snover;;Monster;Grass;40
517;461;weavile;Weavile;Dark;Ice;;;;;70;120;65;45;85;125;Pressure;;Pickpocket;1.1;34;Black;sneasel;;Field;;2
518;462;magnezone;Magnezone;Electric;Steel;;;;;70;70;115;130;90;60;Magnet Pull;Sturdy;Analytic;1.2;180;Gray;magneton;;Mineral;;31
519;463;lickilicky;Lickilicky;Normal;;;;;;110;85;95;80;95;50;Own Tempo;Oblivious;Cloud Nine;1.7;140;Pink;lickitung;;Monster;;2
520;464;rhyperior;Rhyperior;Ground;Rock;;;;;115;140;130;55;55;40;Lightning Rod;Solid Rock;Reckless;2.4;282.8;Gray;rhydon;;Monster;Field;42
521;465;tangrowth;Tangrowth;Grass;;;;;;100;100;125;110;50;50;Chlorophyll;Leaf Guard;Regenerator;2;128.6;Blue;tangela;;Grass;;2
522;466;electivire;Electivire;Electric;;;;0.75;0.25;75;123;67;95;85;95;Motor Drive;;Vital Spirit;1.8;138.6;Yellow;electabuzz;;Human-Like;;30
523;467;magmortar;Magmortar;Fire;;;;0.75;0.25;75;95;67;125;95;83;Flame Body;;Vital Spirit;1.6;68;Red;magmar;;Human-Like;;30
524;468;togekiss;Togekiss;Fairy;Flying;;;0.875;0.125;85;50;95;120;115;80;Hustle;Serene Grace;Super Luck;1.5;38;White;togetic;;Flying;Fairy;2
525;469;yanmega;Yanmega;Bug;Flying;;;;;86;76;86;116;56;95;Speed Boost;Tinted Lens;Frisk;1.9;51.5;Green;yanma;;Bug;;2
526;470;leafeon;Leafeon;Grass;;;;0.875;0.125;65;110;130;60;65;95;Leaf Guard;;Chlorophyll;1;25.5;Green;eevee;;Field;;2
527;471;glaceon;Glaceon;Ice;;;;0.875;0.125;65;60;110;130;95;65;Snow Cloak;;Ice Body;0.8;25.9;Blue;eevee;;Field;;2
528;472;gliscor;Gliscor;Ground;Flying;;;;;75;95;125;45;75;95;Hyper Cutter;Sand Veil;Poison Heal;2;42.5;Purple;gligar;;Bug;;2
529;473;mamoswine;Mamoswine;Ice;Ground;;;;;110;130;80;70;60;80;Oblivious;Snow Cloak;Thick Fat;2.5;291;Brown;piloswine;;Field;;34
530;474;porygon-z;Porygon-Z;Normal;;;;;;85;80;70;135;75;90;Adaptability;Download;Analytic;0.9;34;Red;porygon2;;Mineral;;1
531;475;gallade-mega;Gallade-Mega;Psychic;Fighting;Gallade;Mega;;;68;165;95;65;115;110;Inner Focus;;;1.6;56.4;White;kirlia;;Amorphous;;20
532;475;gallade;Gallade;Psychic;Fighting;;;;;68;125;65;65;115;80;Steadfast;;Justified;1.6;52;White;kirlia;;Amorphous;;20
533;476;probopass;Probopass;Rock;Steel;;;;;60;55;145;75;150;40;Sturdy;Magnet Pull;Sand Force;1.4;340;Gray;nosepass;;Mineral;;2
534;477;dusknoir;Dusknoir;Ghost;;;;;;45;100;135;65;135;45;Pressure;;Frisk;2.2;106.6;Black;dusclops;;Amorphous;;37
535;478;froslass;Froslass;Ice;Ghost;;;;;70;80;70;80;70;110;Snow Cloak;;Cursed Body;1.3;26.6;White;snorunt;;Fairy;Mineral;1
536;479;rotom-mow;Rotom-Mow;Electric;Grass;Rotom;Mow;;;50;65;107;105;107;86;Levitate;;;0.3;0.3;Red;;;Amorphous;;
537;479;rotom-frost;Rotom-Frost;Electric;Ice;Rotom;Frost;;;50;65;107;105;107;86;Levitate;;;0.3;0.3;Red;;;Amorphous;;
538;479;rotom-heat;Rotom-Heat;Electric;Fire;Rotom;Heat;;;50;65;107;105;107;86;Levitate;;;0.3;0.3;Red;;;Amorphous;;
539;479;rotom-fan;Rotom-Fan;Electric;Flying;Rotom;Fan;;;50;65;107;105;107;86;Levitate;;;0.3;0.3;Red;;;Amorphous;;
540;479;rotom-wash;Rotom-Wash;Electric;Water;Rotom;Wash;;;50;65;107;105;107;86;Levitate;;;0.3;0.3;Red;;;Amorphous;;
541;479;rotom;Rotom;Electric;Ghost;;;;;50;50;77;95;77;91;Levitate;;;0.3;0.3;Red;;;Amorphous;;
542;480;uxie;Uxie;Psychic;;;;;;75;75;130;75;130;95;Levitate;;;0.3;0.3;Yellow;;;Undiscovered;;
543;481;mesprit;Mesprit;Psychic;;;;;;80;105;105;105;105;80;Levitate;;;0.3;0.3;Pink;;;Undiscovered;;
544;482;azelf;Azelf;Psychic;;;;;;75;125;70;125;70;115;Levitate;;;0.3;0.3;Blue;;;Undiscovered;;
545;483;dialga;Dialga;Steel;Dragon;;;;;100;120;120;150;100;90;Pressure;;Telepathy;5.4;683;White;;;Undiscovered;;
546;484;palkia;Palkia;Water;Dragon;;;;;90;120;100;150;120;100;Pressure;;Telepathy;4.2;336;Purple;;;Undiscovered;;
547;485;heatran;Heatran;Fire;Steel;;;;;91;90;106;130;106;77;Flash Fire;;Flame Body;1.7;430;Brown;;;Undiscovered;;
548;486;regigigas;Regigigas;Normal;;;;;;110;160;110;80;110;100;Slow Start;;;3.7;420;White;;;Undiscovered;;
549;487;giratina-origin;Giratina-Origin;Ghost;Dragon;Giratina;Origin;;;150;120;100;120;100;90;Levitate;;;6.9;650;Black;;;Undiscovered;;
550;487;giratina;Giratina;Ghost;Dragon;;;;;150;100;120;100;120;90;Pressure;;Telepathy;4.5;750;Black;;;Undiscovered;;
551;488;cresselia;Cresselia;Psychic;;;;;;120;70;120;75;130;85;Levitate;;;1.5;85.6;Yellow;;;Undiscovered;;
552;489;phione;Phione;Water;;;;;;80;80;80;80;80;80;Hydration;;;0.4;3.1;Blue;;;Water 1;Fairy;
553;490;manaphy;Manaphy;Water;;;;;;100;100;100;100;100;100;Hydration;;;0.3;1.4;Blue;;;Water 1;Fairy;
554;491;darkrai;Darkrai;Dark;;;;;;70;90;90;135;90;125;Bad Dreams;;;1.5;50.5;Black;;;Undiscovered;;
555;492;shaymin-sky;Shaymin-Sky;Grass;Flying;Shaymin;Sky;;;100;103;75;120;75;127;Serene Grace;;;0.4;5.2;Green;;;Undiscovered;;
556;492;shaymin;Shaymin;Grass;;;;;;100;100;100;100;100;100;Natural Cure;;;0.2;2.1;Green;;;Undiscovered;;
557;493;arceus-bug;Arceus-Bug;Bug;;Arceus;Bug;;;120;120;120;120;120;120;Multitype;;;3.2;320;Gray;;;Undiscovered;;
558;493;arceus-dark;Arceus-Dark;Dark;;Arceus;Dark;;;120;120;120;120;120;120;Multitype;;;3.2;320;Gray;;;Undiscovered;;
559;493;arceus-dragon;Arceus-Dragon;Dragon;;Arceus;Dragon;;;120;120;120;120;120;120;Multitype;;;3.2;320;Gray;;;Undiscovered;;
560;493;arceus-electric;Arceus-Electric;Electric;;Arceus;Electric;;;120;120;120;120;120;120;Multitype;;;3.2;320;Gray;;;Undiscovered;;
561;493;arceus-fairy;Arceus-Fairy;Fairy;;Arceus;Fairy;;;120;120;120;120;120;120;Multitype;;;3.2;320;Gray;;;Undiscovered;;
562;493;arceus-fighting;Arceus-Fighting;Fighting;;Arceus;Fighting;;;120;120;120;120;120;120;Multitype;;;3.2;320;Gray;;;Undiscovered;;
563;493;arceus-fire;Arceus-Fire;Fire;;Arceus;Fire;;;120;120;120;120;120;120;Multitype;;;3.2;320;Gray;;;Undiscovered;;
564;493;arceus-flying;Arceus-Flying;Flying;;Arceus;Flying;;;120;120;120;120;120;120;Multitype;;;3.2;320;Gray;;;Undiscovered;;
565;493;arceus-ghost;Arceus-Ghost;Ghost;;Arceus;Ghost;;;120;120;120;120;120;120;Multitype;;;3.2;320;Gray;;;Undiscovered;;
566;493;arceus-grass;Arceus-Grass;Grass;;Arceus;Grass;;;120;120;120;120;120;120;Multitype;;;3.2;320;Gray;;;Undiscovered;;
567;493;arceus-ground;Arceus-Ground;Ground;;Arceus;Ground;;;120;120;120;120;120;120;Multitype;;;3.2;320;Gray;;;Undiscovered;;
568;493;arceus-ice;Arceus-Ice;Ice;;Arceus;Ice;;;120;120;120;120;120;120;Multitype;;;3.2;320;Gray;;;Undiscovered;;
569;493;arceus-poison;Arceus-Poison;Poison;;Arceus;Poison;;;120;120;120;120;120;120;Multitype;;;3.2;320;Gray;;;Undiscovered;;
570;493;arceus-psychic;Arceus-Psychic;Psychic;;Arceus;Psychic;;;120;120;120;120;120;120;Multitype;;;3.2;320;Gray;;;Undiscovered;;
571;493;arceus-rock;Arceus-Rock;Rock;;Arceus;Rock;;;120;120;120;120;120;120;Multitype;;;3.2;320;Gray;;;Undiscovered;;
572;493;arceus-steel;Arceus-Steel;Steel;;Arceus;Steel;;;120;120;120;120;120;120;Multitype;;;3.2;320;Gray;;;Undiscovered;;
573;493;arceus-water;Arceus-Water;Water;;Arceus;Water;;;120;120;120;120;120;120;Multitype;;;3.2;320;Gray;;;Undiscovered;;
574;493;arceus;Arceus;Normal;;;;;;120;120;120;120;120;120;Multitype;;;3.2;320;Gray;;;Undiscovered;;
575;494;victini;Victini;Psychic;Fire;;;;;100;100;100;100;100;100;Victory Star;;;0.4;4;Yellow;;;Undiscovered;;
576;495;snivy;Snivy;Grass;;;;0.875;0.125;45;45;55;45;55;63;Overgrow;;Contrary;0.6;8.1;Green;;servine;Field;Grass;
577;496;servine;Servine;Grass;;;;0.875;0.125;60;60;75;60;75;83;Overgrow;;Contrary;0.8;16;Green;snivy;serperior;Field;Grass;17
578;497;serperior;Serperior;Grass;;;;0.875;0.125;75;75;95;75;95;113;Overgrow;;Contrary;3.3;63;Green;servine;;Field;Grass;36
579;498;tepig;Tepig;Fire;;;;0.875;0.125;65;63;45;45;45;45;Blaze;;Thick Fat;0.5;9.9;Red;;pignite;Field;;
580;499;pignite;Pignite;Fire;Fighting;;;0.875;0.125;90;93;55;70;55;55;Blaze;;Thick Fat;1;55.5;Red;tepig;emboar;Field;;17
581;500;emboar;Emboar;Fire;Fighting;;;0.875;0.125;110;123;65;100;65;65;Blaze;;Reckless;1.6;150;Red;pignite;;Field;;36
582;501;oshawott;Oshawott;Water;;;;0.875;0.125;55;55;45;63;45;45;Torrent;;Shell Armor;0.5;5.9;Blue;;dewott;Field;;
583;502;dewott;Dewott;Water;;;;0.875;0.125;75;75;60;83;60;60;Torrent;;Shell Armor;0.8;24.5;Blue;oshawott;samurott;Field;;17
584;503;samurott;Samurott;Water;;;;0.875;0.125;95;100;85;108;70;70;Torrent;;Shell Armor;1.5;94.6;Blue;dewott;;Field;;36
585;504;patrat;Patrat;Normal;;;;;;45;55;39;35;39;42;Run Away;Keen Eye;Analytic;0.5;11.6;Brown;;watchog;Field;;
586;505;watchog;Watchog;Normal;;;;;;60;85;69;60;69;77;Illuminate;Keen Eye;Analytic;1.1;27;Brown;patrat;;Field;;20
587;506;lillipup;Lillipup;Normal;;;;;;45;60;45;25;45;55;Vital Spirit;Pickup;Run Away;0.4;4.1;Brown;;herdier;Field;;
588;507;herdier;Herdier;Normal;;;;;;65;80;65;35;65;60;Intimidate;Sand Rush;Scrappy;0.9;14.7;Gray;lillipup;stoutland;Field;;16
589;508;stoutland;Stoutland;Normal;;;;;;85;110;90;45;90;80;Intimidate;Sand Rush;Scrappy;1.2;61;Gray;herdier;;Field;;32
590;509;purrloin;Purrloin;Dark;;;;;;41;50;37;50;37;66;Limber;Unburden;Prankster;0.4;10.1;Purple;;liepard;Field;;
591;510;liepard;Liepard;Dark;;;;;;64;88;50;88;50;106;Limber;Unburden;Prankster;1.1;37.5;Purple;purrloin;;Field;;20
592;511;pansage;Pansage;Grass;;;;0.875;0.125;50;53;48;53;48;64;Gluttony;;Overgrow;0.6;10.5;Green;;simisage;Field;;
593;512;simisage;Simisage;Grass;;;;0.875;0.125;75;98;63;98;63;101;Gluttony;;Overgrow;1.1;30.5;Green;pansage;;Field;;1
594;513;pansear;Pansear;Fire;;;;0.875;0.125;50;53;48;53;48;64;Gluttony;;Blaze;0.6;11;Red;;simisear;Field;;
595;514;simisear;Simisear;Fire;;;;0.875;0.125;75;98;63;98;63;101;Gluttony;;Blaze;1;28;Red;pansear;;Field;;1
596;515;panpour;Panpour;Water;;;;0.875;0.125;50;53;48;53;48;64;Gluttony;;Torrent;0.6;13.5;Blue;;simipour;Field;;
597;516;simipour;Simipour;Water;;;;0.875;0.125;75;98;63;98;63;101;Gluttony;;Torrent;1;29;Blue;panpour;;Field;;1
598;517;munna;Munna;Psychic;;;;;;76;25;45;67;55;24;Forewarn;Synchronize;Telepathy;0.6;23.3;Pink;;musharna;Field;;
599;518;musharna;Musharna;Psychic;;;;;;116;55;85;107;95;29;Forewarn;Synchronize;Telepathy;1.1;60.5;Pink;munna;;Field;;1
600;519;pidove;Pidove;Normal;Flying;;;;;50;55;50;36;30;43;Big Pecks;Super Luck;Rivalry;0.3;2.1;Gray;;tranquill;Flying;;
601;520;tranquill;Tranquill;Normal;Flying;;;;;62;77;62;50;42;65;Big Pecks;Super Luck;Rivalry;0.6;15;Gray;pidove;unfezant;Flying;;21
602;521;unfezant;Unfezant;Normal;Flying;;;;;80;115;80;65;55;93;Big Pecks;Super Luck;Rivalry;1.2;29;Gray;tranquill;;Flying;;32
603;522;blitzle;Blitzle;Electric;;;;;;45;60;32;50;32;76;Lightning Rod;Motor Drive;Sap Sipper;0.8;29.8;Black;;zebstrika;Field;;
604;523;zebstrika;Zebstrika;Electric;;;;;;75;100;63;80;63;116;Lightning Rod;Motor Drive;Sap Sipper;1.6;79.5;Black;blitzle;;Field;;27
605;524;roggenrola;Roggenrola;Rock;;;;;;55;75;85;25;25;15;Sturdy;;Sand Force;0.4;18;Blue;;boldore;Mineral;;
606;525;boldore;Boldore;Rock;;;;;;70;105;105;50;40;20;Sturdy;;Sand Force;0.9;102;Blue;roggenrola;gigalith;Mineral;;25
607;526;gigalith;Gigalith;Rock;;;;;;85;135;130;60;80;25;Sturdy;;Sand Force;1.7;260;Blue;boldore;;Mineral;;25
608;527;woobat;Woobat;Psychic;Flying;;;;;55;45;43;55;43;72;Unaware;Klutz;Simple;0.4;2.1;Blue;;swoobat;Flying;Field;
609;528;swoobat;Swoobat;Psychic;Flying;;;;;67;57;55;77;55;114;Unaware;Klutz;Simple;0.9;10.5;Blue;woobat;;Flying;Field;2
610;529;drilbur;Drilbur;Ground;;;;;;60;85;40;30;45;68;Sand Rush;Sand Force;Mold Breaker;0.3;8.5;Gray;;excadrill;Field;;
611;530;excadrill;Excadrill;Ground;Steel;;;;;110;135;60;50;65;88;Sand Rush;Sand Force;Mold Breaker;0.7;40.4;Gray;drilbur;;Field;;31
612;531;audino-mega;Audino-Mega;Normal;Fairy;Audino;Mega;;;103;60;126;80;126;50;Healer;;;1.5;32;Pink;;;Fairy;;
613;531;audino;Audino;Normal;;;;;;103;60;86;60;86;50;Healer;Regenerator;Klutz;1.1;31;Pink;;;Fairy;;
614;532;timburr;Timburr;Fighting;;;;0.75;0.25;75;80;55;25;35;35;Guts;Sheer Force;Iron Fist;0.6;12.5;Gray;;gurdurr;Human-Like;;
615;533;gurdurr;Gurdurr;Fighting;;;;0.75;0.25;85;105;85;40;50;40;Guts;Sheer Force;Iron Fist;1.2;40;Gray;timburr;conkeldurr;Human-Like;;25
616;534;conkeldurr;Conkeldurr;Fighting;;;;0.75;0.25;105;140;95;55;65;45;Guts;Sheer Force;Iron Fist;1.4;87;Brown;gurdurr;;Human-Like;;25
617;535;tympole;Tympole;Water;;;;;;50;50;40;50;40;64;Swift Swim;Hydration;Water Absorb;0.5;4.5;Blue;;palpitoad;Water 1;;
618;536;palpitoad;Palpitoad;Water;Ground;;;;;75;65;55;65;55;69;Swift Swim;Hydration;Water Absorb;0.8;17;Blue;tympole;seismitoad;Water 1;;25
619;537;seismitoad;Seismitoad;Water;Ground;;;;;105;95;75;85;75;74;Swift Swim;Poison Touch;Water Absorb;1.5;62;Blue;palpitoad;;Water 1;;36
620;538;throh;Throh;Fighting;;;;;;120;100;85;30;85;45;Guts;Inner Focus;Mold Breaker;1.3;55.5;Red;;;Human-Like;;
621;539;sawk;Sawk;Fighting;;;;;;75;125;75;30;75;85;Sturdy;Inner Focus;Mold Breaker;1.4;51;Blue;;;Human-Like;;
622;540;sewaddle;Sewaddle;Bug;Grass;;;;;45;53;70;40;60;42;Swarm;Chlorophyll;Overcoat;0.3;2.5;Yellow;;swadloon;Bug;;
623;541;swadloon;Swadloon;Bug;Grass;;;;;55;63;90;50;80;42;Leaf Guard;Chlorophyll;Overcoat;0.5;7.3;Green;sewaddle;leavanny;Bug;;20
624;542;leavanny;Leavanny;Bug;Grass;;;;;75;103;80;70;80;92;Swarm;Chlorophyll;Overcoat;1.2;20.5;Yellow;swadloon;;Bug;;21
625;543;venipede;Venipede;Bug;Poison;;;;;30;45;59;30;39;57;Poison Point;Swarm;Speed Boost;0.4;5.3;Red;;whirlipede;Bug;;
626;544;whirlipede;Whirlipede;Bug;Poison;;;;;40;55;99;40;79;47;Poison Point;Swarm;Speed Boost;1.2;58.5;Gray;venipede;scolipede;Bug;;22
627;545;scolipede;Scolipede;Bug;Poison;;;;;60;100;89;55;69;112;Poison Point;Swarm;Speed Boost;2.5;200.5;Red;whirlipede;;Bug;;30
628;546;cottonee;Cottonee;Grass;Fairy;;;;;40;27;60;37;50;66;Prankster;Infiltrator;Chlorophyll;0.3;0.6;Green;;whimsicott;Fairy;Grass;
629;547;whimsicott;Whimsicott;Grass;Fairy;;;;;60;67;85;77;75;116;Prankster;Infiltrator;Chlorophyll;0.7;6.6;Green;cottonee;;Fairy;Grass;1
630;548;petilil;Petilil;Grass;;;;;;45;35;50;70;50;30;Chlorophyll;Own Tempo;Leaf Guard;0.5;6.6;Green;;lilligant;Grass;;
631;549;lilligant;Lilligant;Grass;;;;;;70;60;75;110;75;90;Chlorophyll;Own Tempo;Leaf Guard;1.1;16.3;Green;petilil;;Grass;;1
632;550;basculin-blue-striped;Basculin Blue Striped;Water;;Basculin;Blue-Striped;;;70;92;65;80;55;98;Rock Head;Adaptability;Mold Breaker;1;18;Green;;;Water 2;;
633;550;basculin;Basculin;Water;;;;;;70;92;65;80;55;98;Reckless;Adaptability;Mold Breaker;1;18;Green;;;Water 2;;
634;551;sandile;Sandile;Ground;Dark;;;;;50;72;35;35;35;65;Intimidate;Moxie;Anger Point;0.7;15.2;Brown;;krokorok;Field;;
635;552;krokorok;Krokorok;Ground;Dark;;;;;60;82;45;45;45;74;Intimidate;Moxie;Anger Point;1;33.4;Brown;sandile;krookodile;Field;;29
636;553;krookodile;Krookodile;Ground;Dark;;;;;95;117;80;65;70;92;Intimidate;Moxie;Anger Point;1.5;96.3;Red;krokorok;;Field;;40
637;554;darumaka;Darumaka;Fire;;;;;;70;90;45;15;45;50;Hustle;;Inner Focus;0.6;37.5;Red;;darmanitan;Field;;
638;555;darmanitan-zen;Darmanitan-Zen;Fire;Psychic;Darmanitan;Zen;;;105;30;105;140;105;55;Sheer Force;;Zen Mode;1.3;92.9;Red;darumaka;;Field;;35
639;555;darmanitan;Darmanitan;Fire;;;;;;105;140;55;30;55;95;Sheer Force;;Zen Mode;1.3;92.9;Red;darumaka;;Field;;35
640;556;maractus;Maractus;Grass;;;;;;75;86;67;106;67;60;Water Absorb;Chlorophyll;Storm Drain;1;28;Green;;;Grass;;
641;557;dwebble;Dwebble;Bug;Rock;;;;;50;65;85;35;35;55;Sturdy;Shell Armor;Weak Armor;0.3;14.5;Red;;crustle;Bug;Mineral;
642;558;crustle;Crustle;Bug;Rock;;;;;70;95;125;65;75;45;Sturdy;Shell Armor;Weak Armor;1.4;200;Red;dwebble;;Bug;Mineral;34
643;559;scraggy;Scraggy;Dark;Fighting;;;;;50;75;70;35;70;48;Shed Skin;Moxie;Intimidate;0.6;11.8;Yellow;;scrafty;Field;Dragon;
644;560;scrafty;Scrafty;Dark;Fighting;;;;;65;90;115;45;115;58;Shed Skin;Moxie;Intimidate;1.1;30;Red;scraggy;;Field;Dragon;39
645;561;sigilyph;Sigilyph;Psychic;Flying;;;;;72;58;80;103;80;97;Wonder Skin;Magic Guard;Tinted Lens;1.4;14;Black;;;Flying;;
646;562;yamask;Yamask;Ghost;;;;;;38;30;85;55;65;30;Mummy;;;0.5;1.5;Black;;cofagrigus;Mineral;Amorphous;
647;563;cofagrigus;Cofagrigus;Ghost;;;;;;58;50;145;95;105;30;Mummy;;;1.7;76.5;Yellow;yamask;;Mineral;Amorphous;34
648;564;tirtouga;Tirtouga;Water;Rock;;;0.875;0.125;54;78;103;53;45;22;Solid Rock;Sturdy;Swift Swim;0.7;16.5;Blue;;carracosta;Water 1;Water 3;
649;565;carracosta;Carracosta;Water;Rock;;;0.875;0.125;74;108;133;83;65;32;Solid Rock;Sturdy;Swift Swim;1.2;81;Blue;tirtouga;;Water 1;Water 3;37
650;566;archen;Archen;Rock;Flying;;;0.875;0.125;55;112;45;74;45;70;Defeatist;;;0.5;9.5;Yellow;;archeops;Flying;Water 3;
651;567;archeops;Archeops;Rock;Flying;;;0.875;0.125;75;140;65;112;65;110;Defeatist;;;1.4;32;Yellow;archen;;Flying;Water 3;37
652;568;trubbish;Trubbish;Poison;;;;;;50;50;62;40;62;65;Stench;Sticky Hold;Aftermath;0.6;31;Green;;garbodor;Mineral;;
653;569;garbodor;Garbodor;Poison;;;;;;80;95;82;60;82;75;Stench;Weak Armor;Aftermath;1.9;107.3;Green;trubbish;;Mineral;;36
654;570;zorua;Zorua;Dark;;;;0.875;0.125;40;65;40;80;40;65;Illusion;;;0.7;12.5;Gray;;zoroark;Field;;
655;571;zoroark;Zoroark;Dark;;;;0.875;0.125;60;105;60;120;60;105;Illusion;;;1.6;81.1;Gray;zorua;;Field;;30
656;572;minccino;Minccino;Normal;;;;0.25;0.75;55;50;40;40;40;75;Cute Charm;Technician;Skill Link;0.4;5.8;Gray;;cinccino;Field;;
657;573;cinccino;Cinccino;Normal;;;;0.25;0.75;75;95;60;65;60;115;Cute Charm;Technician;Skill Link;0.5;7.5;Gray;minccino;;Field;;1
658;574;gothita;Gothita;Psychic;;;;0.25;0.75;45;30;50;55;65;45;Frisk;Competitive;Shadow Tag;0.4;5.8;Purple;;gothorita;Human-Like;;
659;575;gothorita;Gothorita;Psychic;;;;0.25;0.75;60;45;70;75;85;55;Frisk;Competitive;Shadow Tag;0.7;18;Purple;gothita;gothitelle;Human-Like;;32
660;576;gothitelle;Gothitelle;Psychic;;;;0.25;0.75;70;55;95;95;110;65;Frisk;Competitive;Shadow Tag;1.5;44;Purple;gothorita;;Human-Like;;41
661;577;solosis;Solosis;Psychic;;;;;;45;30;40;105;50;20;Overcoat;Magic Guard;Regenerator;0.3;1;Green;;duosion;Amorphous;;
662;578;duosion;Duosion;Psychic;;;;;;65;40;50;125;60;30;Overcoat;Magic Guard;Regenerator;0.6;8;Green;solosis;reuniclus;Amorphous;;32
663;579;reuniclus;Reuniclus;Psychic;;;;;;110;65;75;125;85;30;Overcoat;Magic Guard;Regenerator;1;20.1;Green;duosion;;Amorphous;;41
664;580;ducklett;Ducklett;Water;Flying;;;;;62;44;50;44;50;55;Keen Eye;Big Pecks;Hydration;0.5;5.5;Blue;;swanna;Water 1;Flying;
665;581;swanna;Swanna;Water;Flying;;;;;75;87;63;87;63;98;Keen Eye;Big Pecks;Hydration;1.3;24.2;White;ducklett;;Water 1;Flying;35
666;582;vanillite;Vanillite;Ice;;;;;;36;50;50;65;60;44;Ice Body;;Weak Armor;0.4;5.7;White;;vanillish;Mineral;;
667;583;vanillish;Vanillish;Ice;;;;;;51;65;65;80;75;59;Ice Body;;Weak Armor;1.1;41;White;vanillite;vanilluxe;Mineral;;35
668;584;vanilluxe;Vanilluxe;Ice;;;;;;71;95;85;110;95;79;Ice Body;;Weak Armor;1.3;57.5;White;vanillish;;Mineral;;47
669;585;deerling;Deerling;Normal;Grass;;;;;60;60;50;40;50;75;Chlorophyll;Sap Sipper;Serene Grace;0.6;19.5;Yellow;;sawsbuck;Field;;
670;586;sawsbuck;Sawsbuck;Normal;Grass;;;;;80;100;70;60;70;95;Chlorophyll;Sap Sipper;Serene Grace;1.9;92.5;Brown;deerling;;Field;;34
671;587;emolga;Emolga;Electric;Flying;;;;;55;75;60;75;60;103;Static;;Motor Drive;0.4;5;White;;;Field;;
672;588;karrablast;Karrablast;Bug;;;;;;50;75;45;40;45;60;Swarm;Shed Skin;No Guard;0.5;5.9;Blue;;escavalier;Bug;;
673;589;escavalier;Escavalier;Bug;Steel;;;;;70;135;105;60;105;20;Swarm;Shell Armor;Overcoat;1;33;Gray;karrablast;;Bug;;1
674;590;foongus;Foongus;Grass;Poison;;;;;69;55;45;55;55;15;Effect Spore;;Regenerator;0.2;1;White;;amoonguss;Grass;;
675;591;amoonguss;Amoonguss;Grass;Poison;;;;;114;85;70;85;80;30;Effect Spore;;Regenerator;0.6;10.5;White;foongus;;Grass;;39
676;592;frillish;Frillish;Water;Ghost;;;;;55;40;50;65;85;40;Water Absorb;Cursed Body;Damp;1.2;33;White;;jellicent;Amorphous;;
677;593;jellicent;Jellicent;Water;Ghost;;;;;100;60;70;85;105;60;Water Absorb;Cursed Body;Damp;2.2;135;White;frillish;;Amorphous;;40
678;594;alomomola;Alomomola;Water;;;;;;165;75;80;40;45;65;Healer;Hydration;Regenerator;1.2;31.6;Pink;;;Water 1;Water 2;
679;595;joltik;Joltik;Bug;Electric;;;;;50;47;50;57;50;65;Compound Eyes;Unnerve;Swarm;0.1;0.6;Yellow;;galvantula;Bug;;
680;596;galvantula;Galvantula;Bug;Electric;;;;;70;77;60;97;60;108;Compound Eyes;Unnerve;Swarm;0.8;14.3;Yellow;joltik;;Bug;;36
681;597;ferroseed;Ferroseed;Grass;Steel;;;;;44;50;91;24;86;10;Iron Barbs;;;0.6;18.8;Gray;;ferrothorn;Grass;Mineral;
682;598;ferrothorn;Ferrothorn;Grass;Steel;;;;;74;94;131;54;116;20;Iron Barbs;;Anticipation;1;110;Gray;ferroseed;;Grass;Mineral;40
683;599;klink;Klink;Steel;;;;;;40;55;70;45;60;30;Plus;Minus;Clear Body;0.3;21;Gray;;klang;Mineral;;
684;600;klang;Klang;Steel;;;;;;60;80;95;70;85;50;Plus;Minus;Clear Body;0.6;51;Gray;klink;klinklang;Mineral;;38
685;601;klinklang;Klinklang;Steel;;;;;;60;100;115;70;85;90;Plus;Minus;Clear Body;0.6;81;Gray;klang;;Mineral;;49
686;602;tynamo;Tynamo;Electric;;;;;;35;55;40;45;40;60;Levitate;;;0.2;0.3;White;;eelektrik;Amorphous;;
687;603;eelektrik;Eelektrik;Electric;;;;;;65;85;70;75;70;40;Levitate;;;1.2;22;Blue;tynamo;eelektross;Amorphous;;39
688;604;eelektross;Eelektross;Electric;;;;;;85;115;80;105;80;50;Levitate;;;2.1;80.5;Blue;eelektrik;;Amorphous;;39
689;605;elgyem;Elgyem;Psychic;;;;;;55;55;55;85;55;30;Telepathy;Synchronize;Analytic;0.5;9;Blue;;beheeyem;Human-Like;;
690;606;beheeyem;Beheeyem;Psychic;;;;;;75;75;75;125;95;40;Telepathy;Synchronize;Analytic;1;34.5;Brown;elgyem;;Human-Like;;42
691;607;litwick;Litwick;Ghost;Fire;;;;;50;30;55;65;55;20;Flash Fire;Flame Body;Infiltrator;0.3;3.1;White;;lampent;Amorphous;;
692;608;lampent;Lampent;Ghost;Fire;;;;;60;40;60;95;60;55;Flash Fire;Flame Body;Infiltrator;0.6;13;Black;litwick;chandelure;Amorphous;;41
693;609;chandelure;Chandelure;Ghost;Fire;;;;;60;55;90;145;90;80;Flash Fire;Flame Body;Infiltrator;1;34.3;Black;lampent;;Amorphous;;41
694;610;axew;Axew;Dragon;;;;;;46;87;60;30;40;57;Rivalry;Mold Breaker;Unnerve;0.6;18;Green;;fraxure;Monster;Dragon;
695;611;fraxure;Fraxure;Dragon;;;;;;66;117;70;40;50;67;Rivalry;Mold Breaker;Unnerve;1;36;Green;axew;haxorus;Monster;Dragon;38
696;612;haxorus;Haxorus;Dragon;;;;;;76;147;90;60;70;97;Rivalry;Mold Breaker;Unnerve;1.8;105.5;Yellow;fraxure;;Monster;Dragon;48
697;613;cubchoo;Cubchoo;Ice;;;;;;55;70;40;60;40;40;Snow Cloak;;Rattled;0.5;8.5;White;;beartic;Field;;
698;614;beartic;Beartic;Ice;;;;;;95;110;80;70;80;50;Snow Cloak;;Swift Swim;2.6;260;White;cubchoo;;Field;;37
699;615;cryogonal;Cryogonal;Ice;;;;;;70;50;30;95;135;105;Levitate;;;1.1;148;Blue;;;Mineral;;
700;616;shelmet;Shelmet;Bug;;;;;;50;40;85;40;65;25;Hydration;Shell Armor;Overcoat;0.4;7.7;Red;;accelgor;Bug;;
701;617;accelgor;Accelgor;Bug;;;;;;80;70;40;100;60;145;Hydration;Sticky Hold;Unburden;0.8;25.3;Red;shelmet;;Bug;;1
702;618;stunfisk;Stunfisk;Ground;Electric;;;;;109;66;84;81;99;32;Static;Limber;Sand Veil;0.7;11;Brown;;;Water 1;Amorphous;
703;619;mienfoo;Mienfoo;Fighting;;;;;;45;85;50;55;50;65;Inner Focus;Regenerator;Reckless;0.9;20;Yellow;;mienshao;Field;Human-Like;
704;620;mienshao;Mienshao;Fighting;;;;;;65;125;60;95;60;105;Inner Focus;Regenerator;Reckless;1.4;35.5;Purple;mienfoo;;Field;Human-Like;50
705;621;druddigon;Druddigon;Dragon;;;;;;77;120;90;60;90;48;Rough Skin;Sheer Force;Mold Breaker;1.6;139;Red;;;Monster;Dragon;
706;622;golett;Golett;Ground;Ghost;;;;;59;74;50;35;50;35;Iron Fist;Klutz;No Guard;1;92;Green;;golurk;Mineral;;
707;623;golurk;Golurk;Ground;Ghost;;;;;89;124;80;55;80;55;Iron Fist;Klutz;No Guard;2.8;330;Green;golett;;Mineral;;43
708;624;pawniard;Pawniard;Dark;Steel;;;;;45;85;70;40;40;60;Defiant;Inner Focus;Pressure;0.5;10.2;Red;;bisharp;Human-Like;;
709;625;bisharp;Bisharp;Dark;Steel;;;;;65;125;100;60;70;70;Defiant;Inner Focus;Pressure;1.6;70;Red;pawniard;;Human-Like;;52
710;626;bouffalant;Bouffalant;Normal;;;;;;95;110;95;40;95;55;Reckless;Sap Sipper;Soundproof;1.6;94.6;Brown;;;Field;;
711;627;rufflet;Rufflet;Normal;Flying;;;;;70;83;50;37;50;60;Keen Eye;Sheer Force;Hustle;0.5;10.5;White;;braviary;Flying;;
712;628;braviary;Braviary;Normal;Flying;;;;;100;123;75;57;75;80;Keen Eye;Sheer Force;Defiant;1.5;41;Red;rufflet;;Flying;;54
713;629;vullaby;Vullaby;Dark;Flying;;;;;70;55;75;45;65;60;Big Pecks;Overcoat;Weak Armor;0.5;9;Brown;;mandibuzz;Flying;;
714;630;mandibuzz;Mandibuzz;Dark;Flying;;;;;110;65;105;55;95;80;Big Pecks;Overcoat;Weak Armor;1.2;39.5;Brown;vullaby;;Flying;;54
715;631;heatmor;Heatmor;Fire;;;;;;85;97;66;105;66;65;Gluttony;Flash Fire;White Smoke;1.4;58;Red;;;Field;;
716;632;durant;Durant;Bug;Steel;;;;;58;109;112;48;48;109;Swarm;Hustle;Truant;0.3;33;Gray;;;Bug;;
717;633;deino;Deino;Dark;Dragon;;;;;52;65;50;45;50;38;Hustle;;;0.8;17.3;Blue;;zweilous;Dragon;;
718;634;zweilous;Zweilous;Dark;Dragon;;;;;72;85;70;65;70;58;Hustle;;;1.4;50;Blue;deino;hydreigon;Dragon;;50
719;635;hydreigon;Hydreigon;Dark;Dragon;;;;;92;105;90;125;90;98;Levitate;;;1.8;160;Blue;zweilous;;Dragon;;64
720;636;larvesta;Larvesta;Bug;Fire;;;;;55;85;55;50;55;60;Flame Body;;Swarm;1.1;28.8;White;;volcarona;Bug;;
721;637;volcarona;Volcarona;Bug;Fire;;;;;85;60;65;135;105;100;Flame Body;;Swarm;1.6;46;White;larvesta;;Bug;;59
722;638;cobalion;Cobalion;Steel;Fighting;;;;;91;90;129;90;72;108;Justified;;;2.1;250;Blue;;;Undiscovered;;
723;639;terrakion;Terrakion;Rock;Fighting;;;;;91;129;90;72;90;108;Justified;;;1.9;260;Gray;;;Undiscovered;;
724;640;virizion;Virizion;Grass;Fighting;;;;;91;90;72;90;129;108;Justified;;;2;200;Green;;;Undiscovered;;
725;641;tornadus-therian;Tornadus-Therian;Flying;;Tornadus;Therian;;;79;100;80;110;90;121;Regenerator;;;1.4;63;Green;;;Undiscovered;;
726;641;tornadus;Tornadus;Flying;;;;;;79;115;70;125;80;111;Prankster;;Defiant;1.5;63;Green;;;Undiscovered;;
727;642;thundurus-therian;Thundurus-Therian;Electric;Flying;Thundurus;Therian;;;79;105;70;145;80;101;Volt Absorb;;;3;61;Blue;;;Undiscovered;;
728;642;thundurus;Thundurus;Electric;Flying;;;;;79;115;70;125;80;111;Prankster;;Defiant;1.5;61;Blue;;;Undiscovered;;
729;643;reshiram;Reshiram;Dragon;Fire;;;;;100;120;100;150;120;90;Turboblaze;;;3.2;330;White;;;Undiscovered;;
730;644;zekrom;Zekrom;Dragon;Electric;;;;;100;150;120;120;100;90;Teravolt;;;2.9;345;Black;;;Undiscovered;;
731;645;landorus-therian;Landorus-Therian;Ground;Flying;Landorus;Therian;;;89;145;90;105;80;91;Intimidate;;;1.3;68;Brown;;;Undiscovered;;
732;645;landorus;Landorus;Ground;Flying;;;;;89;125;90;115;80;101;Sand Force;;Sheer Force;1.5;68;Brown;;;Undiscovered;;
733;646;kyurem-black;Kyurem-Black;Dragon;Ice;Kyurem;Black;;;125;170;100;120;90;95;Teravolt;;;3.3;325;Gray;;;Undiscovered;;
734;646;kyurem-white;Kyurem-White;Dragon;Ice;Kyurem;White;;;125;120;90;170;100;95;Turboblaze;;;3.6;325;Gray;;;Undiscovered;;
735;646;kyurem;Kyurem;Dragon;Ice;;;;;125;130;90;130;90;95;Pressure;;;3;325;Gray;;;Undiscovered;;
736;647;keldeo-resolute;Keldeo-Resolute;Water;Fighting;Keldeo;Resolute;;;91;72;90;129;90;108;Justified;;;1.4;48.5;Yellow;;;Undiscovered;;
737;647;keldeo;Keldeo;Water;Fighting;;;;;91;72;90;129;90;108;Justified;;;1.4;48.5;Yellow;;;Undiscovered;;
738;648;meloetta-pirouette;Meloetta-Pirouette;Normal;Fighting;Meloetta;Pirouette;;;100;128;90;77;77;128;Serene Grace;;;0.6;6.5;White;;;Undiscovered;;
739;648;meloetta;Meloetta;Normal;Psychic;;;;;100;77;77;128;128;90;Serene Grace;;;0.6;6.5;White;;;Undiscovered;;
740;649;genesect-burn;Genesect-Burn;Bug;Steel;Genesect;Burn;;;71;120;95;120;95;99;Download;;;1.5;82.5;Purple;;;Undiscovered;;
741;649;genesect-chill;Genesect-Chill;Bug;Steel;Genesect;Chill;;;71;120;95;120;95;99;Download;;;1.5;82.5;Purple;;;Undiscovered;;
742;649;genesect-douse;Genesect-Douse;Bug;Steel;Genesect;Douse;;;71;120;95;120;95;99;Download;;;1.5;82.5;Purple;;;Undiscovered;;
743;649;genesect-shock;Genesect-Shock;Bug;Steel;Genesect;Shock;;;71;120;95;120;95;99;Download;;;1.5;82.5;Purple;;;Undiscovered;;
744;649;genesect;Genesect;Bug;Steel;;;;;71;120;95;120;95;99;Download;;;1.5;82.5;Purple;;;Undiscovered;;
745;650;chespin;Chespin;Grass;;;;0.875;0.125;56;61;65;48;45;38;Overgrow;;Bulletproof;0.4;9;Green;;quilladin;Field;;
746;651;quilladin;Quilladin;Grass;;;;0.875;0.125;61;78;95;56;58;57;Overgrow;;Bulletproof;0.7;29;Green;chespin;chesnaught;Field;;16
747;652;chesnaught;Chesnaught;Grass;Fighting;;;0.875;0.125;88;107;122;74;75;64;Overgrow;;Bulletproof;1.6;90;Green;quilladin;;Field;;36
748;653;fennekin;Fennekin;Fire;;;;0.875;0.125;40;45;40;62;60;60;Blaze;;Magician;0.4;9.4;Red;;braixen;Field;;
749;654;braixen;Braixen;Fire;;;;0.875;0.125;59;59;58;90;70;73;Blaze;;Magician;1;14.5;Red;fennekin;delphox;Field;;16
750;655;delphox;Delphox;Fire;Psychic;;;0.875;0.125;75;69;72;114;100;104;Blaze;;Magician;1.5;39;Red;braixen;;Field;;36
751;656;froakie;Froakie;Water;;;;0.875;0.125;41;56;40;62;44;71;Torrent;;Protean;0.3;7;Blue;;frogadier;Water 1;;
752;657;frogadier;Frogadier;Water;;;;0.875;0.125;54;63;52;83;56;97;Torrent;;Protean;0.6;10.9;Blue;froakie;greninja;Water 1;;16
753;658;greninja;Greninja;Water;Dark;;;0.875;0.125;72;95;67;103;71;122;Torrent;;Protean;1.5;40;Blue;frogadier;;Water 1;;36
754;659;bunnelby;Bunnelby;Normal;;;;;;38;36;38;32;36;57;Pickup;Cheek Pouch;Huge Power;0.4;5;Brown;;diggersby;Field;;
755;660;diggersby;Diggersby;Normal;Ground;;;;;85;56;77;50;77;78;Pickup;Cheek Pouch;Huge Power;1;42.4;Brown;bunnelby;;Field;;20
756;661;fletchling;Fletchling;Normal;Flying;;;;;45;50;43;40;38;62;Big Pecks;;Gale Wings;0.3;1.7;Red;;fletchinder;Flying;;
757;662;fletchinder;Fletchinder;Fire;Flying;;;;;62;73;55;56;52;84;Flame Body;;Gale Wings;0.7;16;Red;fletchling;talonflame;Flying;;17
758;663;talonflame;Talonflame;Fire;Flying;;;;;78;81;71;74;69;126;Flame Body;;Gale Wings;1.2;24.5;Red;fletchinder;;Flying;;35
759;664;scatterbug;Scatterbug;Bug;;;;;;38;35;40;27;25;35;Shield Dust;Compound Eyes;Friend Guard;0.3;2.5;Black;;spewpa;Bug;;
760;665;spewpa;Spewpa;Bug;;;;;;45;22;60;27;30;29;Shed Skin;;Friend Guard;0.3;8.4;Black;scatterbug;vivillon;Bug;;9
761;666;vivillon;Vivillon;Bug;Flying;;;;;80;52;50;90;50;89;Shield Dust;Compound Eyes;Friend Guard;1.2;17;Black;spewpa;;Bug;;12
762;667;litleo;Litleo;Fire;Normal;;;;;62;50;58;73;54;72;Rivalry;Unnerve;Moxie;0.6;13.5;Brown;;pyroar;Field;;
763;668;pyroar;Pyroar;Fire;Normal;;;0.25;0.75;86;68;72;109;66;106;Rivalry;Unnerve;Moxie;1.5;81.5;Brown;litleo;;Field;;35
764;669;flabebe;Flabebe;Fairy;;;;;;44;38;39;61;79;42;Flower Veil;;Symbiosis;0.1;0.1;White;;floette;Fairy;;
765;670;floette-eternal-flower;Floette-Eternal-Flower;Fairy;;Floette;Eternal-Flower;;;74;65;67;125;128;92;Flower Veil;;;0.2;0.9;White;flabebe;;Undiscovered;;19
766;670;floette;Floette;Fairy;;;;;;54;45;47;75;98;52;Flower Veil;;Symbiosis;0.2;0.9;White;flabebe;florges;Fairy;;19
767;671;florges;Florges;Fairy;;;;;;78;65;68;112;154;75;Flower Veil;;Symbiosis;1.1;10;White;floette;;Fairy;;19
768;672;skiddo;Skiddo;Grass;;;;;;66;65;48;62;57;52;Sap Sipper;;Grass Pelt;0.9;31;Brown;;gogoat;Field;;
769;673;gogoat;Gogoat;Grass;;;;;;123;100;62;97;81;68;Sap Sipper;;Grass Pelt;1.7;91;Brown;skiddo;;Field;;32
770;674;pancham;Pancham;Fighting;;;;;;67;82;62;46;48;43;Iron Fist;Mold Breaker;Scrappy;0.6;8;White;;pangoro;Field;Human-Like;
771;675;pangoro;Pangoro;Fighting;Dark;;;;;95;124;78;69;71;58;Iron Fist;Mold Breaker;Scrappy;2.1;136;White;pancham;;Field;Human-Like;32
772;676;furfrou;Furfrou;Normal;;;;;;75;80;60;65;90;102;Fur Coat;;;1.2;28;White;;;Field;;
773;677;espurr;Espurr;Psychic;;;;;;62;48;54;63;60;68;Keen Eye;Infiltrator;Own Tempo;0.3;3.5;Gray;;meowstic;Field;;
774;678;meowstic-f;Meowstic-F;Psychic;;Meowstic;F;;;74;48;76;83;81;104;Keen Eye;Infiltrator;Competitive;0.6;8.5;White;espurr;;Field;;25
775;678;meowstic;Meowstic;Psychic;;;;;;74;48;76;83;81;104;Keen Eye;Infiltrator;Prankster;0.6;8.5;White;espurr;;Field;;25
776;679;honedge;Honedge;Steel;Ghost;;;;;45;80;100;35;37;28;No Guard;;;0.8;2;Brown;;doublade;Mineral;;
777;680;doublade;Doublade;Steel;Ghost;;;;;59;110;150;45;49;35;No Guard;;;0.8;4.5;Brown;honedge;aegislash;Mineral;;35
778;681;aegislash-blade;Aegislash-Blade;Steel;Ghost;Aegislash;Blade;;;60;150;50;150;50;60;Stance Change;;;1.7;53;Brown;doublade;;Mineral;;35
779;681;aegislash;Aegislash;Steel;Ghost;;;;;60;50;150;50;150;60;Stance Change;;;1.7;53;Brown;doublade;;Mineral;;35
780;682;spritzee;Spritzee;Fairy;;;;;;78;52;60;63;65;23;Healer;;Aroma Veil;0.2;0.5;Pink;;aromatisse;Fairy;;
781;683;aromatisse;Aromatisse;Fairy;;;;;;101;72;72;99;89;29;Healer;;Aroma Veil;0.8;15.5;Pink;spritzee;;Fairy;;1
782;684;swirlix;Swirlix;Fairy;;;;;;62;48;66;59;57;49;Sweet Veil;;Unburden;0.4;3.5;White;;slurpuff;Fairy;;
783;685;slurpuff;Slurpuff;Fairy;;;;;;82;80;86;85;75;72;Sweet Veil;;Unburden;0.8;5;White;swirlix;;Fairy;;1
784;686;inkay;Inkay;Dark;Psychic;;;;;53;54;53;37;46;45;Contrary;Suction Cups;Infiltrator;0.4;3.5;Blue;;malamar;Water 1;Water 2;
785;687;malamar;Malamar;Dark;Psychic;;;;;86;92;88;68;75;73;Contrary;Suction Cups;Infiltrator;1.5;47;Blue;inkay;;Water 1;Water 2;30
786;688;binacle;Binacle;Rock;Water;;;;;42;52;67;39;56;50;Tough Claws;Sniper;Pickpocket;0.5;31;Brown;;barbaracle;Water 3;;
787;689;barbaracle;Barbaracle;Rock;Water;;;;;72;105;115;54;86;68;Tough Claws;Sniper;Pickpocket;1.3;96;Brown;binacle;;Water 3;;39
788;690;skrelp;Skrelp;Poison;Water;;;;;50;60;60;60;60;30;Poison Point;Poison Touch;Adaptability;0.5;7.3;Brown;;dragalge;Water 1;Dragon;
789;691;dragalge;Dragalge;Poison;Dragon;;;;;65;75;90;97;123;44;Poison Point;Poison Touch;Adaptability;1.8;81.5;Brown;skrelp;;Water 1;Dragon;48
790;692;clauncher;Clauncher;Water;;;;;;50;53;62;58;63;44;Mega Launcher;;;0.5;8.3;Blue;;clawitzer;Water 1;Water 3;
791;693;clawitzer;Clawitzer;Water;;;;;;71;73;88;120;89;59;Mega Launcher;;;1.3;35.3;Blue;clauncher;;Water 1;Water 3;37
792;694;helioptile;Helioptile;Electric;Normal;;;;;44;38;33;61;43;70;Dry Skin;Sand Veil;Solar Power;0.5;6;Yellow;;heliolisk;Monster;Dragon;
793;695;heliolisk;Heliolisk;Electric;Normal;;;;;62;55;52;109;94;109;Dry Skin;Sand Veil;Solar Power;1;21;Yellow;helioptile;;Monster;Dragon;1
794;696;tyrunt;Tyrunt;Rock;Dragon;;;0.875;0.125;58;89;77;45;45;48;Strong Jaw;;Sturdy;0.8;26;Brown;;tyrantrum;Monster;Dragon;
795;697;tyrantrum;Tyrantrum;Rock;Dragon;;;0.875;0.125;82;121;119;69;59;71;Strong Jaw;;Rock Head;2.5;270;Red;tyrunt;;Monster;Dragon;39
796;698;amaura;Amaura;Rock;Ice;;;0.875;0.125;77;59;50;67;63;46;Refrigerate;;Snow Warning;1.3;25.2;Blue;;aurorus;Monster;;
797;699;aurorus;Aurorus;Rock;Ice;;;0.875;0.125;123;77;72;99;92;58;Refrigerate;;Snow Warning;2.7;225;Blue;amaura;;Monster;;39
798;700;sylveon;Sylveon;Fairy;;;;0.875;0.125;95;65;65;110;130;60;Cute Charm;;Pixilate;1;23.5;Pink;eevee;;Field;;2
799;701;hawlucha;Hawlucha;Fighting;Flying;;;;;78;92;75;74;63;118;Limber;Unburden;Mold Breaker;0.8;21.5;Green;;;Human-Like;;
800;702;dedenne;Dedenne;Electric;Fairy;;;;;67;58;57;81;67;101;Cheek Pouch;Pickup;Plus;0.2;2.2;Yellow;;;Field;Fairy;
801;703;carbink;Carbink;Rock;Fairy;;;;;50;50;150;50;150;50;Clear Body;;Sturdy;0.3;5.7;Gray;;;Fairy;Mineral;
802;704;goomy;Goomy;Dragon;;;;;;45;50;35;55;75;40;Sap Sipper;Hydration;Gooey;0.3;2.8;Purple;;sliggoo;Dragon;;
803;705;sliggoo;Sliggoo;Dragon;;;;;;68;75;53;83;113;60;Sap Sipper;Hydration;Gooey;0.8;17.5;Purple;goomy;goodra;Dragon;;40
804;706;goodra;Goodra;Dragon;;;;;;90;100;70;110;150;80;Sap Sipper;Hydration;Gooey;2;150.5;Purple;sliggoo;;Dragon;;50
805;707;klefki;Klefki;Steel;Fairy;;;;;57;80;91;80;87;75;Prankster;;Magician;0.2;3;Gray;;;Mineral;;
806;708;phantump;Phantump;Ghost;Grass;;;;;43;70;48;50;60;38;Natural Cure;Frisk;Harvest;0.4;7;Brown;;trevenant;Grass;Amorphous;
807;709;trevenant;Trevenant;Ghost;Grass;;;;;85;110;76;65;82;56;Natural Cure;Frisk;Harvest;1.5;71;Brown;phantump;;Grass;Amorphous;1
808;710;pumpkaboo-large;Pumpkaboo-Large;Ghost;Grass;Pumpkaboo;Large;;;54;66;70;44;55;46;Pickup;Frisk;Insomnia;0.5;7.5;Brown;;gourgeistlarge;Amorphous;;
809;710;pumpkaboo-small;Pumpkaboo-Small;Ghost;Grass;Pumpkaboo;Small;;;44;66;70;44;55;56;Pickup;Frisk;Insomnia;0.3;3.5;Brown;;gourgeistsmall;Amorphous;;
810;710;pumpkaboo-super;Pumpkaboo-Super;Ghost;Grass;Pumpkaboo;Super;;;59;66;70;44;55;41;Pickup;Frisk;Insomnia;0.8;15;Brown;;gourgeistsuper;Amorphous;;
811;710;pumpkaboo;Pumpkaboo;Ghost;Grass;;;;;49;66;70;44;55;51;Pickup;Frisk;Insomnia;0.4;5;Brown;;gourgeist;Amorphous;;
812;711;gourgeist-large;Gourgeist-Large;Ghost;Grass;Gourgeist;Large;;;75;95;122;58;75;69;Pickup;Frisk;Insomnia;1.1;14;Brown;pumpkaboolarge;;Amorphous;;1
813;711;gourgeist-small;Gourgeist-Small;Ghost;Grass;Gourgeist;Small;;;55;85;122;58;75;99;Pickup;Frisk;Insomnia;0.7;9.5;Brown;pumpkaboosmall;;Amorphous;;1
814;711;gourgeist-super;Gourgeist-Super;Ghost;Grass;Gourgeist;Super;;;85;100;122;58;75;54;Pickup;Frisk;Insomnia;1.7;39;Brown;pumpkaboosuper;;Amorphous;;1
815;711;gourgeist;Gourgeist;Ghost;Grass;;;;;65;90;122;58;75;84;Pickup;Frisk;Insomnia;0.9;12.5;Brown;pumpkaboo;;Amorphous;;1
816;712;bergmite;Bergmite;Ice;;;;;;55;69;85;32;35;28;Own Tempo;Ice Body;Sturdy;1;99.5;Blue;;avalugg;Monster;;
817;713;avalugg;Avalugg;Ice;;;;;;95;117;184;44;46;28;Own Tempo;Ice Body;Sturdy;2;505;Blue;bergmite;;Monster;;40
818;714;noibat;Noibat;Flying;Dragon;;;;;40;30;35;45;40;55;Frisk;Infiltrator;Telepathy;0.5;8;Purple;;noivern;Flying;;
819;715;noivern;Noivern;Flying;Dragon;;;;;85;70;80;97;80;123;Frisk;Infiltrator;Telepathy;1.5;85;Purple;noibat;;Flying;;48
820;716;xerneas;Xerneas;Fairy;;;;;;126;131;95;131;98;99;Fairy Aura;;;3;215;Blue;;;Undiscovered;;
821;717;yveltal;Yveltal;Dark;Flying;;;;;126;131;95;131;98;99;Dark Aura;;;5.8;203;Red;;;Undiscovered;;
822;718;zygarde;Zygarde;Dragon;Ground;;;;;108;100;121;81;95;95;Aura Break;;;5;305;Green;;;Undiscovered;;
823;719;diancie-mega;Diancie-Mega;Rock;Fairy;Diancie;Mega;;;50;160;110;160;110;110;Magic Bounce;;;1.1;27.8;Gray;;;Undiscovered;;
824;719;diancie;Diancie;Rock;Fairy;;;;;50;100;150;100;150;50;Clear Body;;;0.7;8.8;Gray;;;Undiscovered;;
825;720;hoopa-unbound;Hoopa-Unbound;Psychic;Dark;Hoopa;Unbound;;;80;160;60;170;130;80;Magician;;;6.5;490;Pink;;;Undiscovered;;
826;720;hoopa;Hoopa;Psychic;Ghost;;;;;80;110;60;150;130;70;Magician;;;0.5;9;Pink;;;Undiscovered;;
827;721;volcanion;Volcanion;Fire;Water;;;;;80;110;120;130;90;70;Water Absorb;;;1.7;195;Red;;;Undiscovered;;
